getAnswerDur,showChoiceDur,showResultDur,isiDur,itiDur,iriDur,rpeHighMax,rpeLowMax,pCongruent,maxIncongInARow,blockCond,participant,session,condition,date,expName,psychopyVersion,OS,frameRate,key_resp_2.keys,key_resp_2.rt,key_resp_10.keys,key_resp_10.rt,key_resp_8.keys,key_resp_8.rt,rating_all_t.response,rating_all_t.rt,rating_all_t.tStart,rndRatTrial.thisRepN,rndRatTrial.thisTrialN,rndRatTrial.thisN,rndRatTrial.thisIndex,rndRatTrial.ran,Emo,Labs,Labs2,key_resp_9.keys,key_resp_9.rt,rating_all.response,rating_all.rt,rating_all.tStart,rndRat1.thisRepN,rndRat1.thisTrialN,rndRat1.thisN,rndRat1.thisIndex,rndRat1.ran,key_resp_3.keys,key_resp_3.rt,key_resp_4.keys,key_resp_4.rt,rating_alt.response,rating_alt.rt,AltC.thisRepN,AltC.thisTrialN,AltC.thisN,AltC.thisIndex,AltC.ran,alt_choices,pic_choices,TopAlt_Choice,rndRat2.thisRepN,rndRat2.thisTrialN,rndRat2.thisN,rndRat2.thisIndex,rndRat2.ran,key_resp_5.keys,key_resp_5.rt,rndRat3.thisRepN,rndRat3.thisTrialN,rndRat3.thisN,rndRat3.thisIndex,rndRat3.ran,key_resp_6.keys,key_resp_6.rt,rating_alt_2.response,rating_alt_2.rt,AltC2.thisRepN,AltC2.thisTrialN,AltC2.thisN,AltC2.thisIndex,AltC2.ran,alt_choices2,pic_choices2,TopAlt_Choice2,rndRat4.thisRepN,rndRat4.thisTrialN,rndRat4.thisN,rndRat4.thisIndex,rndRat4.ran,key_resp_7.keys,key_resp_7.rt,instrLoop.thisRepN,instrLoop.thisTrialN,instrLoop.thisN,instrLoop.thisIndex,instrLoop.ran,currSlide,currImage,currText,OC2Loop.thisRepN,OC2Loop.thisTrialN,OC2Loop.thisN,OC2Loop.thisIndex,OC2Loop.ran,targetHappiness,isHappyBlock,isCongruent,isWinOnTop,lastHappyRating,diff,sumDiff,RPE,winAmount,loseAmount,certainAmount,choice,outcome,outcomeAmount,currentWinnings,choiceKey.keys,rndRat5.thisRepN,rndRat5.thisTrialN,rndRat5.thisN,rndRat5.thisIndex,rndRat5.ran,trialLoop.thisRepN,trialLoop.thisTrialN,trialLoop.thisN,trialLoop.thisIndex,trialLoop.ran,highAmount,choiceKey.rt,finalWinnings,cashBonus,logWinningsLoop.thisRepN,logWinningsLoop.thisTrialN,logWinningsLoop.thisN,logWinningsLoop.thisIndex,logWinningsLoop.ran
3,4,1,1,2,30,5,0.03,0.7,3,Blocks_RestRandom.xlsx,64139e0346c4b91651b69d44,924E706A-0A81-4D3F-8DB4-80FD0F2BBFB9,0,2023-08-15_15h19.59.230,Pilot_VExplicitOC_RG,2022.2.5,Win32,58.40439201,,,,,,,,,,,,,,,,,,,,,,,,,,,,,,,,,,,,,,,,,,,,,,,,,,,,,,,,,,,,,,,,,,,,,,,,,,,,,,,,,,,,,,,,,,,,,,,,,,,,,,,,,,,,,,,,,,,,,,,,
,,,,,,,,,,,64139e0346c4b91651b69d44,924E706A-0A81-4D3F-8DB4-80FD0F2BBFB9,0,2023-08-15_15h19.59.230,Pilot_VExplicitOC_RG,2022.2.5,Win32,58.40439201,space,5.3644,,,,,,,,,,,,,,,,,,,,,,,,,,,,,,,,,,,,,,,,,,,,,,,,,,,,,,,,,,,,,,,,,,,,,,,,,,,,,,,,,,,,,,,,,,,,,,,,,,,,,,,,,,,,,,,,,,,,,,
,,,,,,,,,,,64139e0346c4b91651b69d44,924E706A-0A81-4D3F-8DB4-80FD0F2BBFB9,0,2023-08-15_15h19.59.230,Pilot_VExplicitOC_RG,2022.2.5,Win32,58.40439201,,,space,1.6997,,,,,,,,,,,,,,,,,,,,,,,,,,,,,,,,,,,,,,,,,,,,,,,,,,,,,,,,,,,,,,,,,,,,,,,,,,,,,,,,,,,,,,,,,,,,,,,,,,,,,,,,,,,,,,,,,,,,
,,,,,,,,,,,64139e0346c4b91651b69d44,924E706A-0A81-4D3F-8DB4-80FD0F2BBFB9,0,2023-08-15_15h19.59.230,Pilot_VExplicitOC_RG,2022.2.5,Win32,58.40439201,,,,,space,1.6003,,,,,,,,,,,,,,,,,,,,,,,,,,,,,,,,,,,,,,,,,,,,,,,,,,,,,,,,,,,,,,,,,,,,,,,,,,,,,,,,,,,,,,,,,,,,,,,,,,,,,,,,,,,,,,,,,,
,,,,,,,,,,,64139e0346c4b91651b69d44,924E706A-0A81-4D3F-8DB4-80FD0F2BBFB9,0,2023-08-15_15h19.59.230,Pilot_VExplicitOC_RG,2022.2.5,Win32,58.40439201,,,,,,,-31.25,3.0852,2.0056,0,0,0,0,1,happy,"unhappy, happy","less happy, more happy",,,,,,,,,,,,,,,,,,,,,,,,,,,,,,,,,,,,,,,,,,,,,,,,,,,,,,,,,,,,,,,,,,,,,,,,,,,,,,,,,,,,,,,,,,,,,,,,,,,,,,,
,,,,,,,,,,,64139e0346c4b91651b69d44,924E706A-0A81-4D3F-8DB4-80FD0F2BBFB9,0,2023-08-15_15h19.59.230,Pilot_VExplicitOC_RG,2022.2.5,Win32,58.40439201,,,,,,,-51.82291667,3.3075,2.0155,0,1,1,2,1,bored,"bored, not bored","more bored, less bored",,,,,,,,,,,,,,,,,,,,,,,,,,,,,,,,,,,,,,,,,,,,,,,,,,,,,,,,,,,,,,,,,,,,,,,,,,,,,,,,,,,,,,,,,,,,,,,,,,,,,,,
,,,,,,,,,,,64139e0346c4b91651b69d44,924E706A-0A81-4D3F-8DB4-80FD0F2BBFB9,0,2023-08-15_15h19.59.230,Pilot_VExplicitOC_RG,2022.2.5,Win32,58.40439201,,,,,,,69.27083333,3.2526,2.0159,0,2,2,1,1,frustrated,"frustrated, not frustrated","more frustrated, less frustrated",,,,,,,,,,,,,,,,,,,,,,,,,,,,,,,,,,,,,,,,,,,,,,,,,,,,,,,,,,,,,,,,,,,,,,,,,,,,,,,,,,,,,,,,,,,,,,,,,,,,,,,
,,,,,,,,,,,64139e0346c4b91651b69d44,924E706A-0A81-4D3F-8DB4-80FD0F2BBFB9,0,2023-08-15_15h19.59.230,Pilot_VExplicitOC_RG,2022.2.5,Win32,58.40439201,,,,,,,,,,,,,,,,,,space,1.4607,,,,,,,,,,,,,,,,,,,,,,,,,,,,,,,,,,,,,,,,,,,,,,,,,,,,,,,,,,,,,,,,,,,,,,,,,,,,,,,,,,,,,,,,,,,,,,,,,,,,,
,,,,,,,,,,,64139e0346c4b91651b69d44,924E706A-0A81-4D3F-8DB4-80FD0F2BBFB9,0,2023-08-15_15h19.59.230,Pilot_VExplicitOC_RG,2022.2.5,Win32,58.40439201,,,,,,,,,,,,,,,happy,"unhappy, happy","less happy, more happy",,,-27.60416667,2.9012,2.006,0,0,0,0,1,,,,,,,,,,,,,,,,,,,,,,,,,,,,,,,,,,,,,,,,,,,,,,,,,,,,,,,,,,,,,,,,,,,,,,,,,,,,,,,,,,,,,,,,,,,,,
,,,,,,,,,,,64139e0346c4b91651b69d44,924E706A-0A81-4D3F-8DB4-80FD0F2BBFB9,0,2023-08-15_15h19.59.230,Pilot_VExplicitOC_RG,2022.2.5,Win32,58.40439201,,,,,,,,,,,,,,,frustrated,"frustrated, not frustrated","more frustrated, less frustrated",,,34.11458333,3.6543,2.0154,0,1,1,1,1,,,,,,,,,,,,,,,,,,,,,,,,,,,,,,,,,,,,,,,,,,,,,,,,,,,,,,,,,,,,,,,,,,,,,,,,,,,,,,,,,,,,,,,,,,,,,
,,,,,,,,,,,64139e0346c4b91651b69d44,924E706A-0A81-4D3F-8DB4-80FD0F2BBFB9,0,2023-08-15_15h19.59.230,Pilot_VExplicitOC_RG,2022.2.5,Win32,58.40439201,,,,,,,,,,,,,,,bored,"bored, not bored","more bored, less bored",,,-51.30208333,2.9366,2.0155,0,2,2,2,1,,,,,,,,,,,,,,,,,,,,,,,,,,,,,,,,,,,,,,,,,,,,,,,,,,,,,,,,,,,,,,,,,,,,,,,,,,,,,,,,,,,,,,,,,,,,,
,,,,,,,,,,,64139e0346c4b91651b69d44,924E706A-0A81-4D3F-8DB4-80FD0F2BBFB9,0,2023-08-15_15h19.59.230,Pilot_VExplicitOC_RG,2022.2.5,Win32,58.40439201,,,,,,,,,,,,,,,,,,,,,,,,,,,,space,7.7117,space,2.0389,-100,2.8467,0,0,0,0,1,rest (looking at a fixed cross),001.png,,,,,,,,,,,,,,,,,,,,,,,,,,,,,,,,,,,,,,,,,,,,,,,,,,,,,,,,,,,,,,,,,,,,,,,,,,,,,,,,
,,,,,,,,,,,64139e0346c4b91651b69d44,924E706A-0A81-4D3F-8DB4-80FD0F2BBFB9,0,2023-08-15_15h19.59.230,Pilot_VExplicitOC_RG,2022.2.5,Win32,58.40439201,,,,,,,,,,,,,,,,,,,,,,,,,,,,,,,,-62.5,1.706,0,1,1,1,1,stand up,002.png,,,,,,,,,,,,,,,,,,,,,,,,,,,,,,,,,,,,,,,,,,,,,,,,,,,,,,,,,,,,,,,,,,,,,,,,,,,,,,,,
,,,,,,,,,,,64139e0346c4b91651b69d44,924E706A-0A81-4D3F-8DB4-80FD0F2BBFB9,0,2023-08-15_15h19.59.230,Pilot_VExplicitOC_RG,2022.2.5,Win32,58.40439201,,,,,,,,,,,,,,,,,,,,,,,,,,,,,,,,-35.41666667,1.7118,0,2,2,2,1,stretch,003.png,,,,,,,,,,,,,,,,,,,,,,,,,,,,,,,,,,,,,,,,,,,,,,,,,,,,,,,,,,,,,,,,,,,,,,,,,,,,,,,,
,,,,,,,,,,,64139e0346c4b91651b69d44,924E706A-0A81-4D3F-8DB4-80FD0F2BBFB9,0,2023-08-15_15h19.59.230,Pilot_VExplicitOC_RG,2022.2.5,Win32,58.40439201,,,,,,,,,,,,,,,,,,,,,,,,,,,,,,,,33.85416667,1.1578,0,3,3,3,1,make a drink,004.png,,,,,,,,,,,,,,,,,,,,,,,,,,,,,,,,,,,,,,,,,,,,,,,,,,,,,,,,,,,,,,,,,,,,,,,,,,,,,,,,
,,,,,,,,,,,64139e0346c4b91651b69d44,924E706A-0A81-4D3F-8DB4-80FD0F2BBFB9,0,2023-08-15_15h19.59.230,Pilot_VExplicitOC_RG,2022.2.5,Win32,58.40439201,,,,,,,,,,,,,,,,,,,,,,,,,,,,,,,,-15.625,2.2807,0,4,4,4,1,scroll social media,005.png,,,,,,,,,,,,,,,,,,,,,,,,,,,,,,,,,,,,,,,,,,,,,,,,,,,,,,,,,,,,,,,,,,,,,,,,,,,,,,,,
,,,,,,,,,,,64139e0346c4b91651b69d44,924E706A-0A81-4D3F-8DB4-80FD0F2BBFB9,0,2023-08-15_15h19.59.230,Pilot_VExplicitOC_RG,2022.2.5,Win32,58.40439201,,,,,,,,,,,,,,,,,,,,,,,,,,,,,,,,82.29166667,1.5858,0,5,5,5,1,listen to music,006.png,,,,,,,,,,,,,,,,,,,,,,,,,,,,,,,,,,,,,,,,,,,,,,,,,,,,,,,,,,,,,,,,,,,,,,,,,,,,,,,,
,,,,,,,,,,,64139e0346c4b91651b69d44,924E706A-0A81-4D3F-8DB4-80FD0F2BBFB9,0,2023-08-15_15h19.59.230,Pilot_VExplicitOC_RG,2022.2.5,Win32,58.40439201,,,,,,,,,,,,,,,,,,,,,,,,,,,,,,,,49.47916667,1.4408,0,6,6,6,1,daydream,007.png,,,,,,,,,,,,,,,,,,,,,,,,,,,,,,,,,,,,,,,,,,,,,,,,,,,,,,,,,,,,,,,,,,,,,,,,,,,,,,,,
,,,,,,,,,,,64139e0346c4b91651b69d44,924E706A-0A81-4D3F-8DB4-80FD0F2BBFB9,0,2023-08-15_15h19.59.230,Pilot_VExplicitOC_RG,2022.2.5,Win32,58.40439201,,,,,,,,,,,,,,,,,,,,,,,,,,,,,,,,50.52083333,1.09,0,7,7,7,1,watch a short animation,008.png,,,,,,,,,,,,,,,,,,,,,,,,,,,,,,,,,,,,,,,,,,,,,,,,,,,,,,,,,,,,,,,,,,,,,,,,,,,,,,,,
,,,,,,,,,,,64139e0346c4b91651b69d44,924E706A-0A81-4D3F-8DB4-80FD0F2BBFB9,0,2023-08-15_15h19.59.230,Pilot_VExplicitOC_RG,2022.2.5,Win32,58.40439201,,,,,,,,,,,,,,,,,,,,,,,,,,,,,,,,-54.94791667,0.9192,0,8,8,8,1,read a novel,009.png,,,,,,,,,,,,,,,,,,,,,,,,,,,,,,,,,,,,,,,,,,,,,,,,,,,,,,,,,,,,,,,,,,,,,,,,,,,,,,,,
,,,,,,,,,,,64139e0346c4b91651b69d44,924E706A-0A81-4D3F-8DB4-80FD0F2BBFB9,0,2023-08-15_15h19.59.230,Pilot_VExplicitOC_RG,2022.2.5,Win32,58.40439201,,,,,,,,,,,,,,,,,,,,,,,,,,,,,,,,-100,2.42,0,9,9,9,1,read the news,010.png,,,,,,,,,,,,,,,,,,,,,,,,,,,,,,,,,,,,,,,,,,,,,,,,,,,,,,,,,,,,,,,,,,,,,,,,,,,,,,,,
,,,,,,,,,,,64139e0346c4b91651b69d44,924E706A-0A81-4D3F-8DB4-80FD0F2BBFB9,0,2023-08-15_15h19.59.230,Pilot_VExplicitOC_RG,2022.2.5,Win32,58.40439201,,,,,,,,,,,,,,,,,,,,,,,,,,,,,,,,-100,1.1809,0,10,10,10,1,gambling game,011.png,,,,,,,,,,,,,,,,,,,,,,,,,,,,,,,,,,,,,,,,,,,,,,,,,,,,,,,,,,,,,,,,,,,,,,,,,,,,,,,,
,,,,,,,,,,,64139e0346c4b91651b69d44,924E706A-0A81-4D3F-8DB4-80FD0F2BBFB9,0,2023-08-15_15h19.59.230,Pilot_VExplicitOC_RG,2022.2.5,Win32,58.40439201,,,,,,,,,,,,,,,bored,"bored, not bored","more bored, less bored",,,-26.04166667,3.1672,2.0154,,,,,,,,,,,,,,,,,,,listen to music,0,0,0,2,1,,,,,,,,,,,,,,,,,,,,,,,,,,,,,,,,,,,,,,,,,,,,,,,,,,,,,,,,,,,,,,,,,,,,,,,,,,
,,,,,,,,,,,64139e0346c4b91651b69d44,924E706A-0A81-4D3F-8DB4-80FD0F2BBFB9,0,2023-08-15_15h19.59.230,Pilot_VExplicitOC_RG,2022.2.5,Win32,58.40439201,,,,,,,,,,,,,,,happy,"unhappy, happy","less happy, more happy",,,-24.73958333,3.3952,2.0156,,,,,,,,,,,,,,,,,,,,0,1,1,0,1,,,,,,,,,,,,,,,,,,,,,,,,,,,,,,,,,,,,,,,,,,,,,,,,,,,,,,,,,,,,,,,,,,,,,,,,,,
,,,,,,,,,,,64139e0346c4b91651b69d44,924E706A-0A81-4D3F-8DB4-80FD0F2BBFB9,0,2023-08-15_15h19.59.230,Pilot_VExplicitOC_RG,2022.2.5,Win32,58.40439201,,,,,,,,,,,,,,,frustrated,"frustrated, not frustrated","more frustrated, less frustrated",,,14.32291667,3.1033,2.0151,,,,,,,,,,,,,,,,,,,,0,2,2,1,1,,,,,,,,,,,,,,,,,,,,,,,,,,,,,,,,,,,,,,,,,,,,,,,,,,,,,,,,,,,,,,,,,,,,,,,,,,
,,,,,,,,,,,64139e0346c4b91651b69d44,924E706A-0A81-4D3F-8DB4-80FD0F2BBFB9,0,2023-08-15_15h19.59.230,Pilot_VExplicitOC_RG,2022.2.5,Win32,58.40439201,,,,,,,,,,,,,,,bored,"bored, not bored","more bored, less bored",,,-38.80208333,5.3986,2.0017,,,,,,,,,,,,,,,,,,,,,,,,,space,4.4347,0,0,0,2,1,,,,,,,,,,,,,,,,,,,,,,,,,,,,,,,,,,,,,,,,,,,,,,,,,,,,,,,,,,,,,,,,,,,
,,,,,,,,,,,64139e0346c4b91651b69d44,924E706A-0A81-4D3F-8DB4-80FD0F2BBFB9,0,2023-08-15_15h19.59.230,Pilot_VExplicitOC_RG,2022.2.5,Win32,58.40439201,,,,,,,,,,,,,,,happy,"unhappy, happy","less happy, more happy",,,-34.11458333,3.185,2.016,,,,,,,,,,,,,,,,,,,,,,,,,,,0,1,1,0,1,,,,,,,,,,,,,,,,,,,,,,,,,,,,,,,,,,,,,,,,,,,,,,,,,,,,,,,,,,,,,,,,,,,
,,,,,,,,,,,64139e0346c4b91651b69d44,924E706A-0A81-4D3F-8DB4-80FD0F2BBFB9,0,2023-08-15_15h19.59.230,Pilot_VExplicitOC_RG,2022.2.5,Win32,58.40439201,,,,,,,,,,,,,,,frustrated,"frustrated, not frustrated","more frustrated, less frustrated",,,31.77083333,3.7343,2.0161,,,,,,,,,,,,,,,,,,,,,,,,,,,0,2,2,1,1,,,,,,,,,,,,,,,,,,,,,,,,,,,,,,,,,,,,,,,,,,,,,,,,,,,,,,,,,,,,,,,,,,,
,,,,,,,,,,,64139e0346c4b91651b69d44,924E706A-0A81-4D3F-8DB4-80FD0F2BBFB9,0,2023-08-15_15h19.59.230,Pilot_VExplicitOC_RG,2022.2.5,Win32,58.40439201,,,,,,,,,,,,,,,bored,"bored, not bored","more bored, less bored",,,,,2.0017,,,,,,,,,,,,,,,,,,,,,,,,,,,0,0,0,2,1,,,,,,,,,,,,,,,,,,,,,,,,,,,,,,,,,,,,,,,,,,,,,,,,,,,,,,,,,,,,,,,,,,,
,,,,,,,,,,,64139e0346c4b91651b69d44,924E706A-0A81-4D3F-8DB4-80FD0F2BBFB9,0,2023-08-15_15h19.59.230,Pilot_VExplicitOC_RG,2022.2.5,Win32,58.40439201,,,,,,,,,,,,,,,happy,"unhappy, happy","less happy, more happy",,,,,2.0071,,,,,,,,,,,,,,,,,,,,,,,,,,,0,1,1,0,1,,,,,,,,,,,,,,,,,,,,,,,,,,,,,,,,,,,,,,,,,,,,,,,,,,,,,,,,,,,,,,,,,,,
,,,,,,,,,,,64139e0346c4b91651b69d44,924E706A-0A81-4D3F-8DB4-80FD0F2BBFB9,0,2023-08-15_15h19.59.230,Pilot_VExplicitOC_RG,2022.2.5,Win32,58.40439201,,,,,,,,,,,,,,,frustrated,"frustrated, not frustrated","more frustrated, less frustrated",,,-34.63541667,2.5844,2.0059,,,,,,,,,,,,,,,,,,,,,,,,,,,0,2,2,1,1,,,,,,,,,,,,,,,,,,,,,,,,,,,,,,,,,,,,,,,,,,,,,,,,,,,,,,,,,,,,,,,,,,,
,,,,,,,,,,,64139e0346c4b91651b69d44,924E706A-0A81-4D3F-8DB4-80FD0F2BBFB9,0,2023-08-15_15h19.59.230,Pilot_VExplicitOC_RG,2022.2.5,Win32,58.40439201,,,,,,,,,,,,,,,frustrated,"frustrated, not frustrated","more frustrated, less frustrated",,,28.64583333,4.4559,2.0022,,,,,,,,,,,,,,,,,,,,,,,,,,,0,0,0,1,1,,,,,,,,,,,,,,,,,,,,,,,,,,,,,,,,,,,,,,,,,,,,,,,,,,,,,,,,,,,,,,,,,,,
,,,,,,,,,,,64139e0346c4b91651b69d44,924E706A-0A81-4D3F-8DB4-80FD0F2BBFB9,0,2023-08-15_15h19.59.230,Pilot_VExplicitOC_RG,2022.2.5,Win32,58.40439201,,,,,,,,,,,,,,,happy,"unhappy, happy","less happy, more happy",,,-36.19791667,3.9378,2.0159,,,,,,,,,,,,,,,,,,,,,,,,,,,0,1,1,0,1,,,,,,,,,,,,,,,,,,,,,,,,,,,,,,,,,,,,,,,,,,,,,,,,,,,,,,,,,,,,,,,,,,,
,,,,,,,,,,,64139e0346c4b91651b69d44,924E706A-0A81-4D3F-8DB4-80FD0F2BBFB9,0,2023-08-15_15h19.59.230,Pilot_VExplicitOC_RG,2022.2.5,Win32,58.40439201,,,,,,,,,,,,,,,bored,"bored, not bored","more bored, less bored",,,31.77083333,3.9347,2.0154,,,,,,,,,,,,,,,,,,,,,,,,,,,0,2,2,2,1,,,,,,,,,,,,,,,,,,,,,,,,,,,,,,,,,,,,,,,,,,,,,,,,,,,,,,,,,,,,,,,,,,,
,,,,,,,,,,,64139e0346c4b91651b69d44,924E706A-0A81-4D3F-8DB4-80FD0F2BBFB9,0,2023-08-15_15h19.59.230,Pilot_VExplicitOC_RG,2022.2.5,Win32,58.40439201,,,,,,,,,,,,,,,happy,"unhappy, happy","less happy, more happy",,,-35.9375,3.856,2.0037,,,,,,,,,,,,,,,,,,,,,,,,,,,0,0,0,0,1,,,,,,,,,,,,,,,,,,,,,,,,,,,,,,,,,,,,,,,,,,,,,,,,,,,,,,,,,,,,,,,,,,,
,,,,,,,,,,,64139e0346c4b91651b69d44,924E706A-0A81-4D3F-8DB4-80FD0F2BBFB9,0,2023-08-15_15h19.59.230,Pilot_VExplicitOC_RG,2022.2.5,Win32,58.40439201,,,,,,,,,,,,,,,frustrated,"frustrated, not frustrated","more frustrated, less frustrated",,,34.375,3.9675,2.0152,,,,,,,,,,,,,,,,,,,,,,,,,,,0,1,1,1,1,,,,,,,,,,,,,,,,,,,,,,,,,,,,,,,,,,,,,,,,,,,,,,,,,,,,,,,,,,,,,,,,,,,
,,,,,,,,,,,64139e0346c4b91651b69d44,924E706A-0A81-4D3F-8DB4-80FD0F2BBFB9,0,2023-08-15_15h19.59.230,Pilot_VExplicitOC_RG,2022.2.5,Win32,58.40439201,,,,,,,,,,,,,,,bored,"bored, not bored","more bored, less bored",,,-60.9375,3.1517,2.0159,,,,,,,,,,,,,,,,,,,,,,,,,,,0,2,2,2,1,,,,,,,,,,,,,,,,,,,,,,,,,,,,,,,,,,,,,,,,,,,,,,,,,,,,,,,,,,,,,,,,,,,
,,,,,,,,,,,64139e0346c4b91651b69d44,924E706A-0A81-4D3F-8DB4-80FD0F2BBFB9,0,2023-08-15_15h19.59.230,Pilot_VExplicitOC_RG,2022.2.5,Win32,58.40439201,,,,,,,,,,,,,,,happy,"unhappy, happy","less happy, more happy",,,-22.91666667,3.6813,2.0037,,,,,,,,,,,,,,,,,,,,,,,,,,,0,0,0,0,1,,,,,,,,,,,,,,,,,,,,,,,,,,,,,,,,,,,,,,,,,,,,,,,,,,,,,,,,,,,,,,,,,,,
,,,,,,,,,,,64139e0346c4b91651b69d44,924E706A-0A81-4D3F-8DB4-80FD0F2BBFB9,0,2023-08-15_15h19.59.230,Pilot_VExplicitOC_RG,2022.2.5,Win32,58.40439201,,,,,,,,,,,,,,,bored,"bored, not bored","more bored, less bored",,,-28.38541667,3.3842,2.0153,,,,,,,,,,,,,,,,,,,,,,,,,,,0,1,1,2,1,,,,,,,,,,,,,,,,,,,,,,,,,,,,,,,,,,,,,,,,,,,,,,,,,,,,,,,,,,,,,,,,,,,
,,,,,,,,,,,64139e0346c4b91651b69d44,924E706A-0A81-4D3F-8DB4-80FD0F2BBFB9,0,2023-08-15_15h19.59.230,Pilot_VExplicitOC_RG,2022.2.5,Win32,58.40439201,,,,,,,,,,,,,,,frustrated,"frustrated, not frustrated","more frustrated, less frustrated",,,-41.14583333,3.5855,2.0159,,,,,,,,,,,,,,,,,,,,,,,,,,,0,2,2,1,1,,,,,,,,,,,,,,,,,,,,,,,,,,,,,,,,,,,,,,,,,,,,,,,,,,,,,,,,,,,,,,,,,,,
,,,,,,,,,,,64139e0346c4b91651b69d44,924E706A-0A81-4D3F-8DB4-80FD0F2BBFB9,0,2023-08-15_15h19.59.230,Pilot_VExplicitOC_RG,2022.2.5,Win32,58.40439201,,,,,,,,,,,,,,,frustrated,"frustrated, not frustrated","more frustrated, less frustrated",,,29.94791667,4.8398,2.0031,,,,,,,,,,,,,,,,,,,,,,,,,,,0,0,0,1,1,,,,,,,,,,,,,,,,,,,,,,,,,,,,,,,,,,,,,,,,,,,,,,,,,,,,,,,,,,,,,,,,,,,
,,,,,,,,,,,64139e0346c4b91651b69d44,924E706A-0A81-4D3F-8DB4-80FD0F2BBFB9,0,2023-08-15_15h19.59.230,Pilot_VExplicitOC_RG,2022.2.5,Win32,58.40439201,,,,,,,,,,,,,,,happy,"unhappy, happy","less happy, more happy",,,-34.11458333,3.5839,2.015,,,,,,,,,,,,,,,,,,,,,,,,,,,0,1,1,0,1,,,,,,,,,,,,,,,,,,,,,,,,,,,,,,,,,,,,,,,,,,,,,,,,,,,,,,,,,,,,,,,,,,,
,,,,,,,,,,,64139e0346c4b91651b69d44,924E706A-0A81-4D3F-8DB4-80FD0F2BBFB9,0,2023-08-15_15h19.59.230,Pilot_VExplicitOC_RG,2022.2.5,Win32,58.40439201,,,,,,,,,,,,,,,bored,"bored, not bored","more bored, less bored",,,-56.51041667,4.6377,2.0151,,,,,,,,,,,,,,,,,,,,,,,,,,,0,2,2,2,1,,,,,,,,,,,,,,,,,,,,,,,,,,,,,,,,,,,,,,,,,,,,,,,,,,,,,,,,,,,,,,,,,,,
,,,,,,,,,,,64139e0346c4b91651b69d44,924E706A-0A81-4D3F-8DB4-80FD0F2BBFB9,0,2023-08-15_15h19.59.230,Pilot_VExplicitOC_RG,2022.2.5,Win32,58.40439201,,,,,,,,,,,,,,,bored,"bored, not bored","more bored, less bored",,,-28.125,2.3214,2.0018,,,,,,,,,,,,,,,,,,,,,,,,,,,0,0,0,2,1,,,,,,,,,,,,,,,,,,,,,,,,,,,,,,,,,,,,,,,,,,,,,,,,,,,,,,,,,,,,,,,,,,,
,,,,,,,,,,,64139e0346c4b91651b69d44,924E706A-0A81-4D3F-8DB4-80FD0F2BBFB9,0,2023-08-15_15h19.59.230,Pilot_VExplicitOC_RG,2022.2.5,Win32,58.40439201,,,,,,,,,,,,,,,happy,"unhappy, happy","less happy, more happy",,,-41.66666667,2.864,2.0173,,,,,,,,,,,,,,,,,,,,,,,,,,,0,1,1,0,1,,,,,,,,,,,,,,,,,,,,,,,,,,,,,,,,,,,,,,,,,,,,,,,,,,,,,,,,,,,,,,,,,,,
,,,,,,,,,,,64139e0346c4b91651b69d44,924E706A-0A81-4D3F-8DB4-80FD0F2BBFB9,0,2023-08-15_15h19.59.230,Pilot_VExplicitOC_RG,2022.2.5,Win32,58.40439201,,,,,,,,,,,,,,,frustrated,"frustrated, not frustrated","more frustrated, less frustrated",,,27.86458333,3.0887,2.0155,,,,,,,,,,,,,,,,,,,,,,,,,,,0,2,2,1,1,,,,,,,,,,,,,,,,,,,,,,,,,,,,,,,,,,,,,,,,,,,,,,,,,,,,,,,,,,,,,,,,,,,
,,,,,,,,,,,64139e0346c4b91651b69d44,924E706A-0A81-4D3F-8DB4-80FD0F2BBFB9,0,2023-08-15_15h19.59.230,Pilot_VExplicitOC_RG,2022.2.5,Win32,58.40439201,,,,,,,,,,,,,,,frustrated,"frustrated, not frustrated","more frustrated, less frustrated",,,32.55208333,3.3066,2.0038,,,,,,,,,,,,,,,,,,,,,,,,,,,0,0,0,1,1,,,,,,,,,,,,,,,,,,,,,,,,,,,,,,,,,,,,,,,,,,,,,,,,,,,,,,,,,,,,,,,,,,,
,,,,,,,,,,,64139e0346c4b91651b69d44,924E706A-0A81-4D3F-8DB4-80FD0F2BBFB9,0,2023-08-15_15h19.59.230,Pilot_VExplicitOC_RG,2022.2.5,Win32,58.40439201,,,,,,,,,,,,,,,happy,"unhappy, happy","less happy, more happy",,,-30.98958333,5.2504,2.0153,,,,,,,,,,,,,,,,,,,,,,,,,,,0,1,1,0,1,,,,,,,,,,,,,,,,,,,,,,,,,,,,,,,,,,,,,,,,,,,,,,,,,,,,,,,,,,,,,,,,,,,
,,,,,,,,,,,64139e0346c4b91651b69d44,924E706A-0A81-4D3F-8DB4-80FD0F2BBFB9,0,2023-08-15_15h19.59.230,Pilot_VExplicitOC_RG,2022.2.5,Win32,58.40439201,,,,,,,,,,,,,,,bored,"bored, not bored","more bored, less bored",,,-49.47916667,5.3351,2.0155,,,,,,,,,,,,,,,,,,,,,,,,,,,0,2,2,2,1,,,,,,,,,,,,,,,,,,,,,,,,,,,,,,,,,,,,,,,,,,,,,,,,,,,,,,,,,,,,,,,,,,,
,,,,,,,,,,,64139e0346c4b91651b69d44,924E706A-0A81-4D3F-8DB4-80FD0F2BBFB9,0,2023-08-15_15h19.59.230,Pilot_VExplicitOC_RG,2022.2.5,Win32,58.40439201,,,,,,,,,,,,,,,bored,"bored, not bored","more bored, less bored",,,35.41666667,5.2585,2.0047,,,,,,,,,,,,,,,,,,,,,,,,,,,0,0,0,2,1,,,,,,,,,,,,,,,,,,,,,,,,,,,,,,,,,,,,,,,,,,,,,,,,,,,,,,,,,,,,,,,,,,,
,,,,,,,,,,,64139e0346c4b91651b69d44,924E706A-0A81-4D3F-8DB4-80FD0F2BBFB9,0,2023-08-15_15h19.59.230,Pilot_VExplicitOC_RG,2022.2.5,Win32,58.40439201,,,,,,,,,,,,,,,frustrated,"frustrated, not frustrated","more frustrated, less frustrated",,,-27.86458333,5.7343,2.0159,,,,,,,,,,,,,,,,,,,,,,,,,,,0,1,1,1,1,,,,,,,,,,,,,,,,,,,,,,,,,,,,,,,,,,,,,,,,,,,,,,,,,,,,,,,,,,,,,,,,,,,
,,,,,,,,,,,64139e0346c4b91651b69d44,924E706A-0A81-4D3F-8DB4-80FD0F2BBFB9,0,2023-08-15_15h19.59.230,Pilot_VExplicitOC_RG,2022.2.5,Win32,58.40439201,,,,,,,,,,,,,,,happy,"unhappy, happy","less happy, more happy",,,-51.5625,5.0754,2.0154,,,,,,,,,,,,,,,,,,,,,,,,,,,0,2,2,0,1,,,,,,,,,,,,,,,,,,,,,,,,,,,,,,,,,,,,,,,,,,,,,,,,,,,,,,,,,,,,,,,,,,,
,,,,,,,,,,,64139e0346c4b91651b69d44,924E706A-0A81-4D3F-8DB4-80FD0F2BBFB9,0,2023-08-15_15h19.59.230,Pilot_VExplicitOC_RG,2022.2.5,Win32,58.40439201,,,,,,,,,,,,,,,bored,"bored, not bored","more bored, less bored",,,-59.11458333,3.8975,2.0024,,,,,,,,,,,,,,,,,,,,,,,,,,,0,0,0,2,1,,,,,,,,,,,,,,,,,,,,,,,,,,,,,,,,,,,,,,,,,,,,,,,,,,,,,,,,,,,,,,,,,,,
,,,,,,,,,,,64139e0346c4b91651b69d44,924E706A-0A81-4D3F-8DB4-80FD0F2BBFB9,0,2023-08-15_15h19.59.230,Pilot_VExplicitOC_RG,2022.2.5,Win32,58.40439201,,,,,,,,,,,,,,,frustrated,"frustrated, not frustrated","more frustrated, less frustrated",,,-44.79166667,4.6717,2.0159,,,,,,,,,,,,,,,,,,,,,,,,,,,0,1,1,1,1,,,,,,,,,,,,,,,,,,,,,,,,,,,,,,,,,,,,,,,,,,,,,,,,,,,,,,,,,,,,,,,,,,,
,,,,,,,,,,,64139e0346c4b91651b69d44,924E706A-0A81-4D3F-8DB4-80FD0F2BBFB9,0,2023-08-15_15h19.59.230,Pilot_VExplicitOC_RG,2022.2.5,Win32,58.40439201,,,,,,,,,,,,,,,happy,"unhappy, happy","less happy, more happy",,,-17.70833333,4.7862,2.0159,,,,,,,,,,,,,,,,,,,,,,,,,,,0,2,2,0,1,,,,,,,,,,,,,,,,,,,,,,,,,,,,,,,,,,,,,,,,,,,,,,,,,,,,,,,,,,,,,,,,,,,
,,,,,,,,,,,64139e0346c4b91651b69d44,924E706A-0A81-4D3F-8DB4-80FD0F2BBFB9,0,2023-08-15_15h19.59.230,Pilot_VExplicitOC_RG,2022.2.5,Win32,58.40439201,,,,,,,,,,,,,,,happy,"unhappy, happy","less happy, more happy",,,-32.29166667,5.9292,2.0022,,,,,,,,,,,,,,,,,,,,,,,,,,,0,0,0,0,1,,,,,,,,,,,,,,,,,,,,,,,,,,,,,,,,,,,,,,,,,,,,,,,,,,,,,,,,,,,,,,,,,,,
,,,,,,,,,,,64139e0346c4b91651b69d44,924E706A-0A81-4D3F-8DB4-80FD0F2BBFB9,0,2023-08-15_15h19.59.230,Pilot_VExplicitOC_RG,2022.2.5,Win32,58.40439201,,,,,,,,,,,,,,,frustrated,"frustrated, not frustrated","more frustrated, less frustrated",,,-17.70833333,3.6945,2.016,,,,,,,,,,,,,,,,,,,,,,,,,,,0,1,1,1,1,,,,,,,,,,,,,,,,,,,,,,,,,,,,,,,,,,,,,,,,,,,,,,,,,,,,,,,,,,,,,,,,,,,
,,,,,,,,,,,64139e0346c4b91651b69d44,924E706A-0A81-4D3F-8DB4-80FD0F2BBFB9,0,2023-08-15_15h19.59.230,Pilot_VExplicitOC_RG,2022.2.5,Win32,58.40439201,,,,,,,,,,,,,,,bored,"bored, not bored","more bored, less bored",,,31.77083333,2.8861,2.015,,,,,,,,,,,,,,,,,,,,,,,,,,,0,2,2,2,1,,,,,,,,,,,,,,,,,,,,,,,,,,,,,,,,,,,,,,,,,,,,,,,,,,,,,,,,,,,,,,,,,,,
,,,,,,,,,,,64139e0346c4b91651b69d44,924E706A-0A81-4D3F-8DB4-80FD0F2BBFB9,0,2023-08-15_15h19.59.230,Pilot_VExplicitOC_RG,2022.2.5,Win32,58.40439201,,,,,,,,,,,,,,,bored,"bored, not bored","more bored, less bored",,,-100,4.1616,2.0041,,,,,,,,,,,,,,,,,,,,,,,,,,,0,0,0,2,1,,,,,,,,,,,,,,,,,,,,,,,,,,,,,,,,,,,,,,,,,,,,,,,,,,,,,,,,,,,,,,,,,,,
,,,,,,,,,,,64139e0346c4b91651b69d44,924E706A-0A81-4D3F-8DB4-80FD0F2BBFB9,0,2023-08-15_15h19.59.230,Pilot_VExplicitOC_RG,2022.2.5,Win32,58.40439201,,,,,,,,,,,,,,,frustrated,"frustrated, not frustrated","more frustrated, less frustrated",,,-100,2.7668,2.0166,,,,,,,,,,,,,,,,,,,,,,,,,,,0,1,1,1,1,,,,,,,,,,,,,,,,,,,,,,,,,,,,,,,,,,,,,,,,,,,,,,,,,,,,,,,,,,,,,,,,,,,
,,,,,,,,,,,64139e0346c4b91651b69d44,924E706A-0A81-4D3F-8DB4-80FD0F2BBFB9,0,2023-08-15_15h19.59.230,Pilot_VExplicitOC_RG,2022.2.5,Win32,58.40439201,,,,,,,,,,,,,,,happy,"unhappy, happy","less happy, more happy",,,-43.75,3.2535,2.0152,,,,,,,,,,,,,,,,,,,,,,,,,,,0,2,2,0,1,,,,,,,,,,,,,,,,,,,,,,,,,,,,,,,,,,,,,,,,,,,,,,,,,,,,,,,,,,,,,,,,,,,
,,,,,,,,,,,64139e0346c4b91651b69d44,924E706A-0A81-4D3F-8DB4-80FD0F2BBFB9,0,2023-08-15_15h19.59.230,Pilot_VExplicitOC_RG,2022.2.5,Win32,58.40439201,,,,,,,,,,,,,,,frustrated,"frustrated, not frustrated","more frustrated, less frustrated",,,-100,3.3189,2.0029,,,,,,,,,,,,,,,,,,,,,,,,,,,0,0,0,1,1,,,,,,,,,,,,,,,,,,,,,,,,,,,,,,,,,,,,,,,,,,,,,,,,,,,,,,,,,,,,,,,,,,,
,,,,,,,,,,,64139e0346c4b91651b69d44,924E706A-0A81-4D3F-8DB4-80FD0F2BBFB9,0,2023-08-15_15h19.59.230,Pilot_VExplicitOC_RG,2022.2.5,Win32,58.40439201,,,,,,,,,,,,,,,happy,"unhappy, happy","less happy, more happy",,,-34.89583333,3.0729,2.0149,,,,,,,,,,,,,,,,,,,,,,,,,,,0,1,1,0,1,,,,,,,,,,,,,,,,,,,,,,,,,,,,,,,,,,,,,,,,,,,,,,,,,,,,,,,,,,,,,,,,,,,
,,,,,,,,,,,64139e0346c4b91651b69d44,924E706A-0A81-4D3F-8DB4-80FD0F2BBFB9,0,2023-08-15_15h19.59.230,Pilot_VExplicitOC_RG,2022.2.5,Win32,58.40439201,,,,,,,,,,,,,,,bored,"bored, not bored","more bored, less bored",,,-100,2.9063,2.0153,,,,,,,,,,,,,,,,,,,,,,,,,,,0,2,2,2,1,,,,,,,,,,,,,,,,,,,,,,,,,,,,,,,,,,,,,,,,,,,,,,,,,,,,,,,,,,,,,,,,,,,
,,,,,,,,,,,64139e0346c4b91651b69d44,924E706A-0A81-4D3F-8DB4-80FD0F2BBFB9,0,2023-08-15_15h19.59.230,Pilot_VExplicitOC_RG,2022.2.5,Win32,58.40439201,,,,,,,,,,,,,,,bored,"bored, not bored","more bored, less bored",,,-57.29166667,4.6389,2.0027,,,,,,,,,,,,,,,,,,,,,,,,,,,0,0,0,2,1,,,,,,,,,,,,,,,,,,,,,,,,,,,,,,,,,,,,,,,,,,,,,,,,,,,,,,,,,,,,,,,,,,,
,,,,,,,,,,,64139e0346c4b91651b69d44,924E706A-0A81-4D3F-8DB4-80FD0F2BBFB9,0,2023-08-15_15h19.59.230,Pilot_VExplicitOC_RG,2022.2.5,Win32,58.40439201,,,,,,,,,,,,,,,happy,"unhappy, happy","less happy, more happy",,,-56.25,4.4081,2.0154,,,,,,,,,,,,,,,,,,,,,,,,,,,0,1,1,0,1,,,,,,,,,,,,,,,,,,,,,,,,,,,,,,,,,,,,,,,,,,,,,,,,,,,,,,,,,,,,,,,,,,,
,,,,,,,,,,,64139e0346c4b91651b69d44,924E706A-0A81-4D3F-8DB4-80FD0F2BBFB9,0,2023-08-15_15h19.59.230,Pilot_VExplicitOC_RG,2022.2.5,Win32,58.40439201,,,,,,,,,,,,,,,frustrated,"frustrated, not frustrated","more frustrated, less frustrated",,,-37.23958333,5.8221,2,,,,,,,,,,,,,,,,,,,,,,,,,,,0,2,2,1,1,,,,,,,,,,,,,,,,,,,,,,,,,,,,,,,,,,,,,,,,,,,,,,,,,,,,,,,,,,,,,,,,,,,
,,,,,,,,,,,64139e0346c4b91651b69d44,924E706A-0A81-4D3F-8DB4-80FD0F2BBFB9,0,2023-08-15_15h19.59.230,Pilot_VExplicitOC_RG,2022.2.5,Win32,58.40439201,,,,,,,,,,,,,,,happy,"unhappy, happy","less happy, more happy",,,-46.35416667,3.5295,2.006,,,,,,,,,,,,,,,,,,,,,,,,,,,0,0,0,0,1,,,,,,,,,,,,,,,,,,,,,,,,,,,,,,,,,,,,,,,,,,,,,,,,,,,,,,,,,,,,,,,,,,,
,,,,,,,,,,,64139e0346c4b91651b69d44,924E706A-0A81-4D3F-8DB4-80FD0F2BBFB9,0,2023-08-15_15h19.59.230,Pilot_VExplicitOC_RG,2022.2.5,Win32,58.40439201,,,,,,,,,,,,,,,bored,"bored, not bored","more bored, less bored",,,-100,2.7682,2.0156,,,,,,,,,,,,,,,,,,,,,,,,,,,0,1,1,2,1,,,,,,,,,,,,,,,,,,,,,,,,,,,,,,,,,,,,,,,,,,,,,,,,,,,,,,,,,,,,,,,,,,,
,,,,,,,,,,,64139e0346c4b91651b69d44,924E706A-0A81-4D3F-8DB4-80FD0F2BBFB9,0,2023-08-15_15h19.59.230,Pilot_VExplicitOC_RG,2022.2.5,Win32,58.40439201,,,,,,,,,,,,,,,frustrated,"frustrated, not frustrated","more frustrated, less frustrated",,,-100,3.0464,2.0168,,,,,,,,,,,,,,,,,,,,,,,,,,,0,2,2,1,1,,,,,,,,,,,,,,,,,,,,,,,,,,,,,,,,,,,,,,,,,,,,,,,,,,,,,,,,,,,,,,,,,,,
,,,,,,,,,,,64139e0346c4b91651b69d44,924E706A-0A81-4D3F-8DB4-80FD0F2BBFB9,0,2023-08-15_15h19.59.230,Pilot_VExplicitOC_RG,2022.2.5,Win32,58.40439201,,,,,,,,,,,,,,,bored,"bored, not bored","more bored, less bored",,,-76.5625,5.9086,2.0057,0,0,0,2,1,,,,,,,,,,,,,,,,,,,,,,,,,,,,,,,,,,,,,,,,,,,,,,,,,,,,,,,,,,,,,,,,,,,,,,,,,,,,,,,,,,,,,,,,,,,,,
,,,,,,,,,,,64139e0346c4b91651b69d44,924E706A-0A81-4D3F-8DB4-80FD0F2BBFB9,0,2023-08-15_15h19.59.230,Pilot_VExplicitOC_RG,2022.2.5,Win32,58.40439201,,,,,,,,,,,,,,,happy,"unhappy, happy","less happy, more happy",,,61.19791667,4.9041,2.0146,0,1,1,0,1,,,,,,,,,,,,,,,,,,,,,,,,,,,,,,,,,,,,,,,,,,,,,,,,,,,,,,,,,,,,,,,,,,,,,,,,,,,,,,,,,,,,,,,,,,,,,
,,,,,,,,,,,64139e0346c4b91651b69d44,924E706A-0A81-4D3F-8DB4-80FD0F2BBFB9,0,2023-08-15_15h19.59.230,Pilot_VExplicitOC_RG,2022.2.5,Win32,58.40439201,,,,,,,,,,,,,,,frustrated,"frustrated, not frustrated","more frustrated, less frustrated",,,-60.9375,3.4746,2.0156,0,2,2,1,1,,,,,,,,,,,,,,,,,,,,,,,,,,,,,,,,,,,,,,,,,,,,,,,,,,,,,,,,,,,,,,,,,,,,,,,,,,,,,,,,,,,,,,,,,,,,,
,,,,,,,,,,,64139e0346c4b91651b69d44,924E706A-0A81-4D3F-8DB4-80FD0F2BBFB9,0,2023-08-15_15h19.59.230,Pilot_VExplicitOC_RG,2022.2.5,Win32,58.40439201,,,,,,,,,,,,,,,,,,,,,,,,,,,,,,,,,,,,,,,,,,,,,,,,,,,,,,space,5.7058,-100,1.3991,0,0,0,0,1,gambling game,011.png,,,,,,,,,,,,,,,,,,,,,,,,,,,,,,,,,,,,,,,,,,,,,,,,,,,,,,,,
,,,,,,,,,,,64139e0346c4b91651b69d44,924E706A-0A81-4D3F-8DB4-80FD0F2BBFB9,0,2023-08-15_15h19.59.230,Pilot_VExplicitOC_RG,2022.2.5,Win32,58.40439201,,,,,,,,,,,,,,,,,,,,,,,,,,,,,,,,,,,,,,,,,,,,,,,,,,,,,,,,30.72916667,1.7885,0,1,1,1,1,stand up,002.png,,,,,,,,,,,,,,,,,,,,,,,,,,,,,,,,,,,,,,,,,,,,,,,,,,,,,,,,
,,,,,,,,,,,64139e0346c4b91651b69d44,924E706A-0A81-4D3F-8DB4-80FD0F2BBFB9,0,2023-08-15_15h19.59.230,Pilot_VExplicitOC_RG,2022.2.5,Win32,58.40439201,,,,,,,,,,,,,,,,,,,,,,,,,,,,,,,,,,,,,,,,,,,,,,,,,,,,,,,,29.6875,4.2722,0,2,2,2,1,stretch,003.png,,,,,,,,,,,,,,,,,,,,,,,,,,,,,,,,,,,,,,,,,,,,,,,,,,,,,,,,
,,,,,,,,,,,64139e0346c4b91651b69d44,924E706A-0A81-4D3F-8DB4-80FD0F2BBFB9,0,2023-08-15_15h19.59.230,Pilot_VExplicitOC_RG,2022.2.5,Win32,58.40439201,,,,,,,,,,,,,,,,,,,,,,,,,,,,,,,,,,,,,,,,,,,,,,,,,,,,,,,,46.61458333,1.7298,0,3,3,3,1,make a drink,004.png,,,,,,,,,,,,,,,,,,,,,,,,,,,,,,,,,,,,,,,,,,,,,,,,,,,,,,,,
,,,,,,,,,,,64139e0346c4b91651b69d44,924E706A-0A81-4D3F-8DB4-80FD0F2BBFB9,0,2023-08-15_15h19.59.230,Pilot_VExplicitOC_RG,2022.2.5,Win32,58.40439201,,,,,,,,,,,,,,,,,,,,,,,,,,,,,,,,,,,,,,,,,,,,,,,,,,,,,,,,37.23958333,2.5747,0,4,4,4,1,scroll social media,005.png,,,,,,,,,,,,,,,,,,,,,,,,,,,,,,,,,,,,,,,,,,,,,,,,,,,,,,,,
,,,,,,,,,,,64139e0346c4b91651b69d44,924E706A-0A81-4D3F-8DB4-80FD0F2BBFB9,0,2023-08-15_15h19.59.230,Pilot_VExplicitOC_RG,2022.2.5,Win32,58.40439201,,,,,,,,,,,,,,,,,,,,,,,,,,,,,,,,,,,,,,,,,,,,,,,,,,,,,,,,100,0.9368,0,5,5,5,1,listen to music,006.png,,,,,,,,,,,,,,,,,,,,,,,,,,,,,,,,,,,,,,,,,,,,,,,,,,,,,,,,
,,,,,,,,,,,64139e0346c4b91651b69d44,924E706A-0A81-4D3F-8DB4-80FD0F2BBFB9,0,2023-08-15_15h19.59.230,Pilot_VExplicitOC_RG,2022.2.5,Win32,58.40439201,,,,,,,,,,,,,,,,,,,,,,,,,,,,,,,,,,,,,,,,,,,,,,,,,,,,,,,,58.33333333,1.2447,0,6,6,6,1,daydream,007.png,,,,,,,,,,,,,,,,,,,,,,,,,,,,,,,,,,,,,,,,,,,,,,,,,,,,,,,,
,,,,,,,,,,,64139e0346c4b91651b69d44,924E706A-0A81-4D3F-8DB4-80FD0F2BBFB9,0,2023-08-15_15h19.59.230,Pilot_VExplicitOC_RG,2022.2.5,Win32,58.40439201,,,,,,,,,,,,,,,,,,,,,,,,,,,,,,,,,,,,,,,,,,,,,,,,,,,,,,,,38.02083333,1.6054,0,7,7,7,1,watch a short animation,008.png,,,,,,,,,,,,,,,,,,,,,,,,,,,,,,,,,,,,,,,,,,,,,,,,,,,,,,,,
,,,,,,,,,,,64139e0346c4b91651b69d44,924E706A-0A81-4D3F-8DB4-80FD0F2BBFB9,0,2023-08-15_15h19.59.230,Pilot_VExplicitOC_RG,2022.2.5,Win32,58.40439201,,,,,,,,,,,,,,,,,,,,,,,,,,,,,,,,,,,,,,,,,,,,,,,,,,,,,,,,-97.65625,0.9814,0,8,8,8,1,read a novel,009.png,,,,,,,,,,,,,,,,,,,,,,,,,,,,,,,,,,,,,,,,,,,,,,,,,,,,,,,,
,,,,,,,,,,,64139e0346c4b91651b69d44,924E706A-0A81-4D3F-8DB4-80FD0F2BBFB9,0,2023-08-15_15h19.59.230,Pilot_VExplicitOC_RG,2022.2.5,Win32,58.40439201,,,,,,,,,,,,,,,,,,,,,,,,,,,,,,,,,,,,,,,,,,,,,,,,,,,,,,,,-100,1.0552,0,9,9,9,1,read the news,010.png,,,,,,,,,,,,,,,,,,,,,,,,,,,,,,,,,,,,,,,,,,,,,,,,,,,,,,,,
,,,,,,,,,,,64139e0346c4b91651b69d44,924E706A-0A81-4D3F-8DB4-80FD0F2BBFB9,0,2023-08-15_15h19.59.230,Pilot_VExplicitOC_RG,2022.2.5,Win32,58.40439201,,,,,,,,,,,,,,,,,,,,,,,,,,,,,,,,,,,,,,,,,,,,,,,,,,,,,,,,-100,1.6556,0,10,10,10,1,rest (looking at a fixed cross),001.png,,,,,,,,,,,,,,,,,,,,,,,,,,,,,,,,,,,,,,,,,,,,,,,,,,,,,,,,
,,,,,,,,,,,64139e0346c4b91651b69d44,924E706A-0A81-4D3F-8DB4-80FD0F2BBFB9,0,2023-08-15_15h19.59.230,Pilot_VExplicitOC_RG,2022.2.5,Win32,58.40439201,,,,,,,,,,,,,,,happy,"unhappy, happy","less happy, more happy",,,-56.25,4.7934,2.0026,,,,,,,,,,,,,,,,,,,,,,,,,,,,,,,,,,,,,,,,,,,listen to music,0,0,0,0,1,,,,,,,,,,,,,,,,,,,,,,,,,,,,,,,,,,,,,,,,,,,,,,,,,,
,,,,,,,,,,,64139e0346c4b91651b69d44,924E706A-0A81-4D3F-8DB4-80FD0F2BBFB9,0,2023-08-15_15h19.59.230,Pilot_VExplicitOC_RG,2022.2.5,Win32,58.40439201,,,,,,,,,,,,,,,bored,"bored, not bored","more bored, less bored",,,-100,3.9517,2.0149,,,,,,,,,,,,,,,,,,,,,,,,,,,,,,,,,,,,,,,,,,,,0,1,1,2,1,,,,,,,,,,,,,,,,,,,,,,,,,,,,,,,,,,,,,,,,,,,,,,,,,,
,,,,,,,,,,,64139e0346c4b91651b69d44,924E706A-0A81-4D3F-8DB4-80FD0F2BBFB9,0,2023-08-15_15h19.59.230,Pilot_VExplicitOC_RG,2022.2.5,Win32,58.40439201,,,,,,,,,,,,,,,frustrated,"frustrated, not frustrated","more frustrated, less frustrated",,,-74.73958333,4.7869,2.0153,,,,,,,,,,,,,,,,,,,,,,,,,,,,,,,,,,,,,,,,,,,,0,2,2,1,1,,,,,,,,,,,,,,,,,,,,,,,,,,,,,,,,,,,,,,,,,,,,,,,,,,
,,,,,,,,,,,64139e0346c4b91651b69d44,924E706A-0A81-4D3F-8DB4-80FD0F2BBFB9,0,2023-08-15_15h19.59.230,Pilot_VExplicitOC_RG,2022.2.5,Win32,58.40439201,,,,,,,,,,,,,,,,,,,,,,,,,,,,,,,,,,,,,,,,,,,,,,,,,,,,,,,,,,,,,,,,,,,,,,,space,5.3287,0,0,0,0,1,7,black.png,"In the next part of the task, you will play a gambling game where you can win money by earning points according to your choices. You will decide whether to gamble a number of points or stick with a guaranteed number of points. 
Make your choice by pressing the left or right arrow key once. An example of one trial is shown on the next screen.",,,,,,,,,,,,,,,,,,,,,,,,,,,,,,,,,,,,,,,,
,,,,,,,,,,,64139e0346c4b91651b69d44,924E706A-0A81-4D3F-8DB4-80FD0F2BBFB9,0,2023-08-15_15h19.59.230,Pilot_VExplicitOC_RG,2022.2.5,Win32,58.40439201,,,,,,,,,,,,,,,,,,,,,,,,,,,,,,,,,,,,,,,,,,,,,,,,,,,,,,,,,,,,,,,,,,,,,,,space,9.6361,0,1,1,1,1,8,example_start.png,"The GAMBLING OPTION will be shown on the RIGHT SIDE. 
Select this option using the RIGHT ARROW KEY on your keyboard.",,,,,,,,,,,,,,,,,,,,,,,,,,,,,,,,,,,,,,,,
,,,,,,,,,,,64139e0346c4b91651b69d44,924E706A-0A81-4D3F-8DB4-80FD0F2BBFB9,0,2023-08-15_15h19.59.230,Pilot_VExplicitOC_RG,2022.2.5,Win32,58.40439201,,,,,,,,,,,,,,,,,,,,,,,,,,,,,,,,,,,,,,,,,,,,,,,,,,,,,,,,,,,,,,,,,,,,,,,space,1.6099,0,2,2,2,1,9,example_gamble.png,"Once you select the gambling choice, the choice you made will remain on the screen.",,,,,,,,,,,,,,,,,,,,,,,,,,,,,,,,,,,,,,,,
,,,,,,,,,,,64139e0346c4b91651b69d44,924E706A-0A81-4D3F-8DB4-80FD0F2BBFB9,0,2023-08-15_15h19.59.230,Pilot_VExplicitOC_RG,2022.2.5,Win32,58.40439201,,,,,,,,,,,,,,,,,,,,,,,,,,,,,,,,,,,,,,,,,,,,,,,,,,,,,,,,,,,,,,,,,,,,,,,space,2.0581,0,3,3,3,1,10,example_win.png,"The outcome you received will then be shown on the screen. In this example , you WON 10 points.",,,,,,,,,,,,,,,,,,,,,,,,,,,,,,,,,,,,,,,,
,,,,,,,,,,,64139e0346c4b91651b69d44,924E706A-0A81-4D3F-8DB4-80FD0F2BBFB9,0,2023-08-15_15h19.59.230,Pilot_VExplicitOC_RG,2022.2.5,Win32,58.40439201,,,,,,,,,,,,,,,,,,,,,,,,,,,,,,,,,,,,,,,,,,,,,,,,,,,,,,,,,,,,,,,,,,,,,,,space,4.8685,0,4,4,4,1,11,example_start.png,"The GUARANTEED OPTION will be shown on the LEFT SIDE. You are 100% guaranteed to gain or lose this amount. In this example, you have a 100% chance of winning 1 point. Select this option using the LEFT ARROW KEY on your keyboard.",,,,,,,,,,,,,,,,,,,,,,,,,,,,,,,,,,,,,,,,
,,,,,,,,,,,64139e0346c4b91651b69d44,924E706A-0A81-4D3F-8DB4-80FD0F2BBFB9,0,2023-08-15_15h19.59.230,Pilot_VExplicitOC_RG,2022.2.5,Win32,58.40439201,,,,,,,,,,,,,,,,,,,,,,,,,,,,,,,,,,,,,,,,,,,,,,,,,,,,,,,,,,,,,,,,,,,,,,,space,1.2781,0,5,5,5,1,12,example_certain.png,"Once you select the guaranteed choice, your selection will remain on the screen.",,,,,,,,,,,,,,,,,,,,,,,,,,,,,,,,,,,,,,,,
,,,,,,,,,,,64139e0346c4b91651b69d44,924E706A-0A81-4D3F-8DB4-80FD0F2BBFB9,0,2023-08-15_15h19.59.230,Pilot_VExplicitOC_RG,2022.2.5,Win32,58.40439201,,,,,,,,,,,,,,,,,,,,,,,,,,,,,,,,,,,,,,,,,,,,,,,,,,,,,,,,,,,,,,,,,,,,,,,space,1.3391,0,6,6,6,1,13,black.png,Please make your choices as fast as possible.,,,,,,,,,,,,,,,,,,,,,,,,,,,,,,,,,,,,,,,,
,,,,,,,,,,,64139e0346c4b91651b69d44,924E706A-0A81-4D3F-8DB4-80FD0F2BBFB9,0,2023-08-15_15h19.59.230,Pilot_VExplicitOC_RG,2022.2.5,Win32,58.40439201,,,,,,,,,,,,,,,,,,,,,,,,,,,,,,,,,,,,,,,,,,,,,,,,,,,,,,,,,,,,,,,,,,,,,,,space,4.4653,0,7,7,7,1,14,black.png,"You will again be asked to rate your mood *at that moment* once in a while. 
Use your mouse to move the slider dot to the position that represents how you are feeling.
Let's play!",,,,,,,,,,,,,,,,,,,,,,,,,,,,,,,,,,,,,,,,
,,,,,,,,,,,64139e0346c4b91651b69d44,924E706A-0A81-4D3F-8DB4-80FD0F2BBFB9,0,2023-08-15_15h19.59.230,Pilot_VExplicitOC_RG,2022.2.5,Win32,58.40439201,,,,,,,,,,,,,,,,,,,,,,,,,,,,,,,,,,,,,,,,,,,,,,,,,,,,,,,,,,,,,,,,,,,,,,,,,,,,,,,,,0,0,0,0,1,,,,,,,,,,,,,,,,,,,,,,,,,,,,,,,,,,,
,,,,,,,,,,,64139e0346c4b91651b69d44,924E706A-0A81-4D3F-8DB4-80FD0F2BBFB9,0,2023-08-15_15h19.59.230,Pilot_VExplicitOC_RG,2022.2.5,Win32,58.40439201,,,,,,,,,,,,,,,happy,"unhappy, happy","less happy, more happy",,,-46.61458333,4.9497,2.0125,,,,,,,,,,,,,,,,,,,,,,,,,,,,,,,,,,,,,,,,,,,,,,,,,,,,,,,,,,,,,,,,random,FALSE,FALSE,FALSE,0.5,0,0,2.11103768,-1.58896232,-3.7,-2.996320773,gamble,win,-1.58896232,-1.58896232,,0,0,0,0,1,,,,,,,,,,,,,,
,,,,,,,,,,,64139e0346c4b91651b69d44,924E706A-0A81-4D3F-8DB4-80FD0F2BBFB9,0,2023-08-15_15h19.59.230,Pilot_VExplicitOC_RG,2022.2.5,Win32,58.40439201,,,,,,,,,,,,,,,frustrated,"frustrated, not frustrated","more frustrated, less frustrated",,,-100,2.7219,2.0148,,,,,,,,,,,,,,,,,,,,,,,,,,,,,,,,,,,,,,,,,,,,,,,,,,,,,,,,,,,,,,,,,,,,,,,,,,,,,,,,0,1,1,1,1,,,,,,,,,,,,,,
,,,,,,,,,,,64139e0346c4b91651b69d44,924E706A-0A81-4D3F-8DB4-80FD0F2BBFB9,0,2023-08-15_15h19.59.230,Pilot_VExplicitOC_RG,2022.2.5,Win32,58.40439201,,,,,,,,,,,,,,,bored,"bored, not bored","more bored, less bored",,,-86.19791667,2.818,2.0154,,,,,,,,,,,,,,,,,,,,,,,,,,,,,,,,,,,,,,,,,,,,,,,,,,,,,,,,,,,,,,,,,,,,,,,,,,,,,,,,0,2,2,2,1,,,,,,,,,,,,,,
,,,,,,,,,,,64139e0346c4b91651b69d44,924E706A-0A81-4D3F-8DB4-80FD0F2BBFB9,0,2023-08-15_15h19.59.230,Pilot_VExplicitOC_RG,2022.2.5,Win32,58.40439201,,,,,,,,,,,,,,,,,,,,,,,,,,,,,,,,,,,,,,,,,,,,,,,,,,,,,,,,,,,,,,,,,,,,,,,,,,,,,,,,,,,,,,,,,,,,,,,,,,,,,,,,,,,0,0,0,12,1,-3.7,,,,,,,,
,,,,,,,,,,,64139e0346c4b91651b69d44,924E706A-0A81-4D3F-8DB4-80FD0F2BBFB9,0,2023-08-15_15h19.59.230,Pilot_VExplicitOC_RG,2022.2.5,Win32,58.40439201,,,,,,,,,,,,,,,,,,,,,,,,,,,,,,,,,,,,,,,,,,,,,,,,,,,,,,,,,,,,,,,,,,,,,,,,,,,,,,,,,,,,,,random,FALSE,FALSE,TRUE,0.5,0,0,1.146375752,1.646375752,0.5,0.882125251,gamble,win,1.646375752,0.057413432,,,,,,,0,1,1,14,1,0.5,,,,,,,,
,,,,,,,,,,,64139e0346c4b91651b69d44,924E706A-0A81-4D3F-8DB4-80FD0F2BBFB9,0,2023-08-15_15h19.59.230,Pilot_VExplicitOC_RG,2022.2.5,Win32,58.40439201,,,,,,,,,,,,,,,bored,"bored, not bored","more bored, less bored",,,-91.66666667,4.3564,2.0125,,,,,,,,,,,,,,,,,,,,,,,,,,,,,,,,,,,,,,,,,,,,,,,,,,,,,,,,,,,,,,,,random,FALSE,FALSE,FALSE,0.5,0,0,-2.117616116,-1.9,-4.017616116,-3.311744077,certain,certain,-3.311744077,-3.254330646,left,0,0,0,2,1,,,,,,,1.9411,,,,,,,
,,,,,,,,,,,64139e0346c4b91651b69d44,924E706A-0A81-4D3F-8DB4-80FD0F2BBFB9,0,2023-08-15_15h19.59.230,Pilot_VExplicitOC_RG,2022.2.5,Win32,58.40439201,,,,,,,,,,,,,,,happy,"unhappy, happy","less happy, more happy",,,-58.07291667,4.2685,2.0156,,,,,,,,,,,,,,,,,,,,,,,,,,,,,,,,,,,,,,,,,,,,,,,,,,,,,,,,,,,,,,,,,,,,,,,,,,,,,,,,0,1,1,0,1,,,,,,,,,,,,,,
,,,,,,,,,,,64139e0346c4b91651b69d44,924E706A-0A81-4D3F-8DB4-80FD0F2BBFB9,0,2023-08-15_15h19.59.230,Pilot_VExplicitOC_RG,2022.2.5,Win32,58.40439201,,,,,,,,,,,,,,,frustrated,"frustrated, not frustrated","more frustrated, less frustrated",,,46.875,3.4545,2.0157,,,,,,,,,,,,,,,,,,,,,,,,,,,,,,,,,,,,,,,,,,,,,,,,,,,,,,,,,,,,,,,,,,,,,,,,,,,,,,,,0,2,2,1,1,,,,,,,,,,,,,,
,,,,,,,,,,,64139e0346c4b91651b69d44,924E706A-0A81-4D3F-8DB4-80FD0F2BBFB9,0,2023-08-15_15h19.59.230,Pilot_VExplicitOC_RG,2022.2.5,Win32,58.40439201,,,,,,,,,,,,,,,,,,,,,,,,,,,,,,,,,,,,,,,,,,,,,,,,,,,,,,,,,,,,,,,,,,,,,,,,,,,,,,,,,,,,,,,,,,,,,,,,,,,,,,,,,,,0,2,2,30,1,-1.9,,,,,,,,
,,,,,,,,,,,64139e0346c4b91651b69d44,924E706A-0A81-4D3F-8DB4-80FD0F2BBFB9,0,2023-08-15_15h19.59.230,Pilot_VExplicitOC_RG,2022.2.5,Win32,58.40439201,,,,,,,,,,,,,,,,,,,,,,,,,,,,,,,,,,,,,,,,,,,,,,,,,,,,,,,,,,,,,,,,,,,,,,,,,,,,,,,,,,,,,,random,FALSE,FALSE,TRUE,0.5,0,0,-4.381264652,1.5,-2.881264652,-1.420843101,gamble,lose,-2.881264652,-6.135595298,,,,,,,0,3,3,10,1,1.5,,,,,,,,
,,,,,,,,,,,64139e0346c4b91651b69d44,924E706A-0A81-4D3F-8DB4-80FD0F2BBFB9,0,2023-08-15_15h19.59.230,Pilot_VExplicitOC_RG,2022.2.5,Win32,58.40439201,,,,,,,,,,,,,,,happy,"unhappy, happy","less happy, more happy",,,-72.13541667,3.4227,2.0133,,,,,,,,,,,,,,,,,,,,,,,,,,,,,,,,,,,,,,,,,,,,,,,,,,,,,,,,,,,,,,,,random,FALSE,FALSE,FALSE,0.5,0,0,-3.051123608,-0.9,-3.951123608,-2.934082406,gamble,lose,-3.951123608,-10.08671891,right,0,0,0,0,1,,,,,,,1.792,,,,,,,
,,,,,,,,,,,64139e0346c4b91651b69d44,924E706A-0A81-4D3F-8DB4-80FD0F2BBFB9,0,2023-08-15_15h19.59.230,Pilot_VExplicitOC_RG,2022.2.5,Win32,58.40439201,,,,,,,,,,,,,,,bored,"bored, not bored","more bored, less bored",,,-77.86458333,4.3519,2.016,,,,,,,,,,,,,,,,,,,,,,,,,,,,,,,,,,,,,,,,,,,,,,,,,,,,,,,,,,,,,,,,,,,,,,,,,,,,,,,,0,1,1,2,1,,,,,,,,,,,,,,
,,,,,,,,,,,64139e0346c4b91651b69d44,924E706A-0A81-4D3F-8DB4-80FD0F2BBFB9,0,2023-08-15_15h19.59.230,Pilot_VExplicitOC_RG,2022.2.5,Win32,58.40439201,,,,,,,,,,,,,,,frustrated,"frustrated, not frustrated","more frustrated, less frustrated",,,53.38541667,4.279,2.0155,,,,,,,,,,,,,,,,,,,,,,,,,,,,,,,,,,,,,,,,,,,,,,,,,,,,,,,,,,,,,,,,,,,,,,,,,,,,,,,,0,2,2,1,1,,,,,,,,,,,,,,
,,,,,,,,,,,64139e0346c4b91651b69d44,924E706A-0A81-4D3F-8DB4-80FD0F2BBFB9,0,2023-08-15_15h19.59.230,Pilot_VExplicitOC_RG,2022.2.5,Win32,58.40439201,,,,,,,,,,,,,,,,,,,,,,,,,,,,,,,,,,,,,,,,,,,,,,,,,,,,,,,,,,,,,,,,,,,,,,,,,,,,,,,,,,,,,,,,,,,,,,,,,,,,,,,,,,,0,4,4,16,1,-0.9,,,,,,,,
,,,,,,,,,,,64139e0346c4b91651b69d44,924E706A-0A81-4D3F-8DB4-80FD0F2BBFB9,0,2023-08-15_15h19.59.230,Pilot_VExplicitOC_RG,2022.2.5,Win32,58.40439201,,,,,,,,,,,,,,,,,,,,,,,,,,,,,,,,,,,,,,,,,,,,,,,,,,,,,,,,,,,,,,,,,,,,,,,,,,,,,,,,,,,,,,random,FALSE,FALSE,FALSE,0.5,0,0,4.975864218,7.975864218,3,4.658621406,certain,certain,4.658621406,-5.4280975,left,,,,,,0,5,5,17,1,3,1.2925,,,,,,,
,,,,,,,,,,,64139e0346c4b91651b69d44,924E706A-0A81-4D3F-8DB4-80FD0F2BBFB9,0,2023-08-15_15h19.59.230,Pilot_VExplicitOC_RG,2022.2.5,Win32,58.40439201,,,,,,,,,,,,,,,,,,,,,,,,,,,,,,,,,,,,,,,,,,,,,,,,,,,,,,,,,,,,,,,,,,,,,,,,,,,,,,,,,,,,,,random,FALSE,FALSE,TRUE,0.5,0,0,-4.542473713,-3.8,-8.342473713,-6.828315809,gamble,lose,-8.342473713,-13.77057121,right,,,,,,0,6,6,4,1,-3.8,1.3016,,,,,,,
,,,,,,,,,,,64139e0346c4b91651b69d44,924E706A-0A81-4D3F-8DB4-80FD0F2BBFB9,0,2023-08-15_15h19.59.230,Pilot_VExplicitOC_RG,2022.2.5,Win32,58.40439201,,,,,,,,,,,,,,,bored,"bored, not bored","more bored, less bored",,,-71.35416667,3.4032,2.0133,,,,,,,,,,,,,,,,,,,,,,,,,,,,,,,,,,,,,,,,,,,,,,,,,,,,,,,,,,,,,,,,random,FALSE,FALSE,FALSE,0.5,0,0,1.47887095,3.37887095,1.9,2.392956983,gamble,win,3.37887095,-10.39170026,right,0,0,0,2,1,,,,,,,1.6477,,,,,,,
,,,,,,,,,,,64139e0346c4b91651b69d44,924E706A-0A81-4D3F-8DB4-80FD0F2BBFB9,0,2023-08-15_15h19.59.230,Pilot_VExplicitOC_RG,2022.2.5,Win32,58.40439201,,,,,,,,,,,,,,,happy,"unhappy, happy","less happy, more happy",,,-66.14583333,3.9542,2.0158,,,,,,,,,,,,,,,,,,,,,,,,,,,,,,,,,,,,,,,,,,,,,,,,,,,,,,,,,,,,,,,,,,,,,,,,,,,,,,,,0,1,1,0,1,,,,,,,,,,,,,,
,,,,,,,,,,,64139e0346c4b91651b69d44,924E706A-0A81-4D3F-8DB4-80FD0F2BBFB9,0,2023-08-15_15h19.59.230,Pilot_VExplicitOC_RG,2022.2.5,Win32,58.40439201,,,,,,,,,,,,,,,frustrated,"frustrated, not frustrated","more frustrated, less frustrated",,,40.10416667,3.8101,2.0155,,,,,,,,,,,,,,,,,,,,,,,,,,,,,,,,,,,,,,,,,,,,,,,,,,,,,,,,,,,,,,,,,,,,,,,,,,,,,,,,0,2,2,1,1,,,,,,,,,,,,,,
,,,,,,,,,,,64139e0346c4b91651b69d44,924E706A-0A81-4D3F-8DB4-80FD0F2BBFB9,0,2023-08-15_15h19.59.230,Pilot_VExplicitOC_RG,2022.2.5,Win32,58.40439201,,,,,,,,,,,,,,,,,,,,,,,,,,,,,,,,,,,,,,,,,,,,,,,,,,,,,,,,,,,,,,,,,,,,,,,,,,,,,,,,,,,,,,,,,,,,,,,,,,,,,,,,,,,0,7,7,11,1,1.9,,,,,,,,
,,,,,,,,,,,64139e0346c4b91651b69d44,924E706A-0A81-4D3F-8DB4-80FD0F2BBFB9,0,2023-08-15_15h19.59.230,Pilot_VExplicitOC_RG,2022.2.5,Win32,58.40439201,,,,,,,,,,,,,,,,,,,,,,,,,,,,,,,,,,,,,,,,,,,,,,,,,,,,,,,,,,,,,,,,,,,,,,,,,,,,,,,,,,,,,,random,FALSE,FALSE,FALSE,0.5,0,0,-3.356737121,-0.6,-3.956737121,-2.837824748,gamble,lose,-3.956737121,-14.34843738,right,,,,,,0,8,8,13,1,-0.6,1.3206,,,,,,,
,,,,,,,,,,,64139e0346c4b91651b69d44,924E706A-0A81-4D3F-8DB4-80FD0F2BBFB9,0,2023-08-15_15h19.59.230,Pilot_VExplicitOC_RG,2022.2.5,Win32,58.40439201,,,,,,,,,,,,,,,frustrated,"frustrated, not frustrated","more frustrated, less frustrated",,,-57.03125,5.3901,2.0129,,,,,,,,,,,,,,,,,,,,,,,,,,,,,,,,,,,,,,,,,,,,,,,,,,,,,,,,,,,,,,,,random,FALSE,FALSE,FALSE,0.5,0,0,-4.659452524,1,-3.659452524,-2.106301682,gamble,lose,-3.659452524,-18.00788991,right,0,0,0,1,1,,,,,,,1.2009,,,,,,,
,,,,,,,,,,,64139e0346c4b91651b69d44,924E706A-0A81-4D3F-8DB4-80FD0F2BBFB9,0,2023-08-15_15h19.59.230,Pilot_VExplicitOC_RG,2022.2.5,Win32,58.40439201,,,,,,,,,,,,,,,bored,"bored, not bored","more bored, less bored",,,43.22916667,3.7564,2.0003,,,,,,,,,,,,,,,,,,,,,,,,,,,,,,,,,,,,,,,,,,,,,,,,,,,,,,,,,,,,,,,,,,,,,,,,,,,,,,,,0,1,1,2,1,,,,,,,,,,,,,,
,,,,,,,,,,,64139e0346c4b91651b69d44,924E706A-0A81-4D3F-8DB4-80FD0F2BBFB9,0,2023-08-15_15h19.59.230,Pilot_VExplicitOC_RG,2022.2.5,Win32,58.40439201,,,,,,,,,,,,,,,happy,"unhappy, happy","less happy, more happy",,,-46.61458333,5.2209,2.0154,,,,,,,,,,,,,,,,,,,,,,,,,,,,,,,,,,,,,,,,,,,,,,,,,,,,,,,,,,,,,,,,,,,,,,,,,,,,,,,,0,2,2,0,1,,,,,,,,,,,,,,
,,,,,,,,,,,64139e0346c4b91651b69d44,924E706A-0A81-4D3F-8DB4-80FD0F2BBFB9,0,2023-08-15_15h19.59.230,Pilot_VExplicitOC_RG,2022.2.5,Win32,58.40439201,,,,,,,,,,,,,,,,,,,,,,,,,,,,,,,,,,,,,,,,,,,,,,,,,,,,,,,,,,,,,,,,,,,,,,,,,,,,,,,,,,,,,,,,,,,,,,,,,,,,,,,,,,,0,9,9,9,1,1,,,,,,,,
,,,,,,,,,,,64139e0346c4b91651b69d44,924E706A-0A81-4D3F-8DB4-80FD0F2BBFB9,0,2023-08-15_15h19.59.230,Pilot_VExplicitOC_RG,2022.2.5,Win32,58.40439201,,,,,,,,,,,,,,,,,,,,,,,,,,,,,,,,,,,,,,,,,,,,,,,,,,,,,,,,,,,,,,,,,,,,,,,,,,,,,,,,,,,,,,random,FALSE,FALSE,TRUE,0.5,0,0,1.383695873,3.483695873,2.1,2.561231958,gamble,win,3.483695873,-14.52419404,right,,,,,,0,10,10,19,1,2.1,1.8246,,,,,,,
,,,,,,,,,,,64139e0346c4b91651b69d44,924E706A-0A81-4D3F-8DB4-80FD0F2BBFB9,0,2023-08-15_15h19.59.230,Pilot_VExplicitOC_RG,2022.2.5,Win32,58.40439201,,,,,,,,,,,,,,,bored,"bored, not bored","more bored, less bored",,,-56.25,7.0666,2.0127,,,,,,,,,,,,,,,,,,,,,,,,,,,,,,,,,,,,,,,,,,,,,,,,,,,,,,,,,,,,,,,,random,FALSE,FALSE,TRUE,0.5,0,0,-0.454167915,1.7,1.245832085,1.39722139,gamble,lose,1.245832085,-13.27836195,right,0,0,0,2,1,,,,,,,1.3672,,,,,,,
,,,,,,,,,,,64139e0346c4b91651b69d44,924E706A-0A81-4D3F-8DB4-80FD0F2BBFB9,0,2023-08-15_15h19.59.230,Pilot_VExplicitOC_RG,2022.2.5,Win32,58.40439201,,,,,,,,,,,,,,,happy,"unhappy, happy","less happy, more happy",,,-61.19791667,5.8369,2.016,,,,,,,,,,,,,,,,,,,,,,,,,,,,,,,,,,,,,,,,,,,,,,,,,,,,,,,,,,,,,,,,,,,,,,,,,,,,,,,,0,1,1,0,1,,,,,,,,,,,,,,
,,,,,,,,,,,64139e0346c4b91651b69d44,924E706A-0A81-4D3F-8DB4-80FD0F2BBFB9,0,2023-08-15_15h19.59.230,Pilot_VExplicitOC_RG,2022.2.5,Win32,58.40439201,,,,,,,,,,,,,,,frustrated,"frustrated, not frustrated","more frustrated, less frustrated",,,-55.20833333,5.1014,2.0161,,,,,,,,,,,,,,,,,,,,,,,,,,,,,,,,,,,,,,,,,,,,,,,,,,,,,,,,,,,,,,,,,,,,,,,,,,,,,,,,0,2,2,1,1,,,,,,,,,,,,,,
,,,,,,,,,,,64139e0346c4b91651b69d44,924E706A-0A81-4D3F-8DB4-80FD0F2BBFB9,0,2023-08-15_15h19.59.230,Pilot_VExplicitOC_RG,2022.2.5,Win32,58.40439201,,,,,,,,,,,,,,,,,,,,,,,,,,,,,,,,,,,,,,,,,,,,,,,,,,,,,,,,,,,,,,,,,,,,,,,,,,,,,,,,,,,,,,,,,,,,,,,,,,,,,,,,,,,0,11,11,23,1,1.7,,,,,,,,
,,,,,,,,,,,64139e0346c4b91651b69d44,924E706A-0A81-4D3F-8DB4-80FD0F2BBFB9,0,2023-08-15_15h19.59.230,Pilot_VExplicitOC_RG,2022.2.5,Win32,58.40439201,,,,,,,,,,,,,,,,,,,,,,,,,,,,,,,,,,,,,,,,,,,,,,,,,,,,,,,,,,,,,,,,,,,,,,,,,,,,,,,,,,,,,,random,FALSE,FALSE,FALSE,0.5,0,0,4.564628243,6.764628243,2.2,3.721542748,gamble,win,6.764628243,-6.513733707,right,,,,,,0,12,12,2,1,2.2,2.9523,,,,,,,
,,,,,,,,,,,64139e0346c4b91651b69d44,924E706A-0A81-4D3F-8DB4-80FD0F2BBFB9,0,2023-08-15_15h19.59.230,Pilot_VExplicitOC_RG,2022.2.5,Win32,58.40439201,,,,,,,,,,,,,,,,,,,,,,,,,,,,,,,,,,,,,,,,,,,,,,,,,,,,,,,,,,,,,,,,,,,,,,,,,,,,,,,,,,,,,,random,FALSE,FALSE,FALSE,0.5,0,0,1.955406161,5.155406161,3.2,3.851802054,gamble,win,5.155406161,-1.358327547,right,,,,,,0,13,13,25,1,3.2,1.3275,,,,,,,
,,,,,,,,,,,64139e0346c4b91651b69d44,924E706A-0A81-4D3F-8DB4-80FD0F2BBFB9,0,2023-08-15_15h19.59.230,Pilot_VExplicitOC_RG,2022.2.5,Win32,58.40439201,,,,,,,,,,,,,,,frustrated,"frustrated, not frustrated","more frustrated, less frustrated",,,-76.30208333,4.6997,2.013,,,,,,,,,,,,,,,,,,,,,,,,,,,,,,,,,,,,,,,,,,,,,,,,,,,,,,,,,,,,,,,,random,FALSE,FALSE,FALSE,0.5,0,0,-4.96289856,3.9,-1.06289856,0.59140096,certain,certain,0.59140096,-0.766926587,left,0,0,0,1,1,,,,,,,1.2254,,,,,,,
,,,,,,,,,,,64139e0346c4b91651b69d44,924E706A-0A81-4D3F-8DB4-80FD0F2BBFB9,0,2023-08-15_15h19.59.230,Pilot_VExplicitOC_RG,2022.2.5,Win32,58.40439201,,,,,,,,,,,,,,,bored,"bored, not bored","more bored, less bored",,,-56.51041667,3.4846,2.0156,,,,,,,,,,,,,,,,,,,,,,,,,,,,,,,,,,,,,,,,,,,,,,,,,,,,,,,,,,,,,,,,,,,,,,,,,,,,,,,,0,1,1,2,1,,,,,,,,,,,,,,
,,,,,,,,,,,64139e0346c4b91651b69d44,924E706A-0A81-4D3F-8DB4-80FD0F2BBFB9,0,2023-08-15_15h19.59.230,Pilot_VExplicitOC_RG,2022.2.5,Win32,58.40439201,,,,,,,,,,,,,,,happy,"unhappy, happy","less happy, more happy",,,-59.11458333,4.185,2.0157,,,,,,,,,,,,,,,,,,,,,,,,,,,,,,,,,,,,,,,,,,,,,,,,,,,,,,,,,,,,,,,,,,,,,,,,,,,,,,,,0,2,2,0,1,,,,,,,,,,,,,,
,,,,,,,,,,,64139e0346c4b91651b69d44,924E706A-0A81-4D3F-8DB4-80FD0F2BBFB9,0,2023-08-15_15h19.59.230,Pilot_VExplicitOC_RG,2022.2.5,Win32,58.40439201,,,,,,,,,,,,,,,,,,,,,,,,,,,,,,,,,,,,,,,,,,,,,,,,,,,,,,,,,,,,,,,,,,,,,,,,,,,,,,,,,,,,,,,,,,,,,,,,,,,,,,,,,,,0,14,14,7,1,3.9,,,,,,,,
,,,,,,,,,,,64139e0346c4b91651b69d44,924E706A-0A81-4D3F-8DB4-80FD0F2BBFB9,0,2023-08-15_15h19.59.230,Pilot_VExplicitOC_RG,2022.2.5,Win32,58.40439201,,,,,,,,,,,,,,,,,,,,,,,,,,,,,,,,,,,,,,,,,,,,,,,,,,,,,,,,,,,,,,,,,,,,,,,,,,,,,,,,,,,,,,random,FALSE,FALSE,TRUE,0.5,0,0,4.627715298,2.927715298,-1.7,-0.157428234,gamble,win,2.927715298,2.160788711,right,,,,,,0,15,15,15,1,-1.7,1.734,,,,,,,
,,,,,,,,,,,64139e0346c4b91651b69d44,924E706A-0A81-4D3F-8DB4-80FD0F2BBFB9,0,2023-08-15_15h19.59.230,Pilot_VExplicitOC_RG,2022.2.5,Win32,58.40439201,,,,,,,,,,,,,,,happy,"unhappy, happy","less happy, more happy",,,-45.05208333,3.534,2.0137,,,,,,,,,,,,,,,,,,,,,,,,,,,,,,,,,,,,,,,,,,,,,,,,,,,,,,,,,,,,,,,,random,FALSE,FALSE,TRUE,0.5,0,0,2.015490369,1.515490369,-0.5,0.171830123,gamble,win,1.515490369,3.67627908,right,0,0,0,0,1,,,,,,,1.5181,,,,,,,
,,,,,,,,,,,64139e0346c4b91651b69d44,924E706A-0A81-4D3F-8DB4-80FD0F2BBFB9,0,2023-08-15_15h19.59.230,Pilot_VExplicitOC_RG,2022.2.5,Win32,58.40439201,,,,,,,,,,,,,,,bored,"bored, not bored","more bored, less bored",,,30.98958333,6.351,2.0159,,,,,,,,,,,,,,,,,,,,,,,,,,,,,,,,,,,,,,,,,,,,,,,,,,,,,,,,,,,,,,,,,,,,,,,,,,,,,,,,0,1,1,2,1,,,,,,,,,,,,,,
,,,,,,,,,,,64139e0346c4b91651b69d44,924E706A-0A81-4D3F-8DB4-80FD0F2BBFB9,0,2023-08-15_15h19.59.230,Pilot_VExplicitOC_RG,2022.2.5,Win32,58.40439201,,,,,,,,,,,,,,,frustrated,"frustrated, not frustrated","more frustrated, less frustrated",,,-43.22916667,3.9682,2.0154,,,,,,,,,,,,,,,,,,,,,,,,,,,,,,,,,,,,,,,,,,,,,,,,,,,,,,,,,,,,,,,,,,,,,,,,,,,,,,,,0,2,2,1,1,,,,,,,,,,,,,,
,,,,,,,,,,,64139e0346c4b91651b69d44,924E706A-0A81-4D3F-8DB4-80FD0F2BBFB9,0,2023-08-15_15h19.59.230,Pilot_VExplicitOC_RG,2022.2.5,Win32,58.40439201,,,,,,,,,,,,,,,,,,,,,,,,,,,,,,,,,,,,,,,,,,,,,,,,,,,,,,,,,,,,,,,,,,,,,,,,,,,,,,,,,,,,,,,,,,,,,,,,,,,,,,,,,,,0,16,16,0,1,-0.5,,,,,,,,
,,,,,,,,,,,64139e0346c4b91651b69d44,924E706A-0A81-4D3F-8DB4-80FD0F2BBFB9,0,2023-08-15_15h19.59.230,Pilot_VExplicitOC_RG,2022.2.5,Win32,58.40439201,,,,,,,,,,,,,,,,,,,,,,,,,,,,,,,,,,,,,,,,,,,,,,,,,,,,,,,,,,,,,,,,,,,,,,,,,,,,,,,,,,,,,,random,FALSE,FALSE,TRUE,0.5,0,0,-2.599830522,0.1,-2.499830522,-1.633220348,gamble,lose,-2.499830522,1.176448558,right,,,,,,0,17,17,31,1,0.1,1.725,,,,,,,
,,,,,,,,,,,64139e0346c4b91651b69d44,924E706A-0A81-4D3F-8DB4-80FD0F2BBFB9,0,2023-08-15_15h19.59.230,Pilot_VExplicitOC_RG,2022.2.5,Win32,58.40439201,,,,,,,,,,,,,,,,,,,,,,,,,,,,,,,,,,,,,,,,,,,,,,,,,,,,,,,,,,,,,,,,,,,,,,,,,,,,,,,,,,,,,,random,FALSE,FALSE,FALSE,0.5,0,0,2.237625029,2.137625029,-0.1,0.64587501,gamble,win,2.137625029,3.314073587,right,,,,,,0,18,18,20,1,-0.1,1.6414,,,,,,,
,,,,,,,,,,,64139e0346c4b91651b69d44,924E706A-0A81-4D3F-8DB4-80FD0F2BBFB9,0,2023-08-15_15h19.59.230,Pilot_VExplicitOC_RG,2022.2.5,Win32,58.40439201,,,,,,,,,,,,,,,bored,"bored, not bored","more bored, less bored",,,-63.80208333,6.974,2.0134,,,,,,,,,,,,,,,,,,,,,,,,,,,,,,,,,,,,,,,,,,,,,,,,,,,,,,,,,,,,,,,,random,FALSE,FALSE,FALSE,0.5,0,0,3.67279345,3.97279345,0.3,1.524264483,gamble,win,3.97279345,7.286867037,right,0,0,0,2,1,,,,,,,1.5363,,,,,,,
,,,,,,,,,,,64139e0346c4b91651b69d44,924E706A-0A81-4D3F-8DB4-80FD0F2BBFB9,0,2023-08-15_15h19.59.230,Pilot_VExplicitOC_RG,2022.2.5,Win32,58.40439201,,,,,,,,,,,,,,,frustrated,"frustrated, not frustrated","more frustrated, less frustrated",,,-49.73958333,3.9887,2.016,,,,,,,,,,,,,,,,,,,,,,,,,,,,,,,,,,,,,,,,,,,,,,,,,,,,,,,,,,,,,,,,,,,,,,,,,,,,,,,,0,1,1,1,1,,,,,,,,,,,,,,
,,,,,,,,,,,64139e0346c4b91651b69d44,924E706A-0A81-4D3F-8DB4-80FD0F2BBFB9,0,2023-08-15_15h19.59.230,Pilot_VExplicitOC_RG,2022.2.5,Win32,58.40439201,,,,,,,,,,,,,,,happy,"unhappy, happy","less happy, more happy",,,-60.41666667,4.2354,2.0156,,,,,,,,,,,,,,,,,,,,,,,,,,,,,,,,,,,,,,,,,,,,,,,,,,,,,,,,,,,,,,,,,,,,,,,,,,,,,,,,0,2,2,0,1,,,,,,,,,,,,,,
,,,,,,,,,,,64139e0346c4b91651b69d44,924E706A-0A81-4D3F-8DB4-80FD0F2BBFB9,0,2023-08-15_15h19.59.230,Pilot_VExplicitOC_RG,2022.2.5,Win32,58.40439201,,,,,,,,,,,,,,,,,,,,,,,,,,,,,,,,,,,,,,,,,,,,,,,,,,,,,,,,,,,,,,,,,,,,,,,,,,,,,,,,,,,,,,,,,,,,,,,,,,,,,,,,,,,0,19,19,5,1,0.3,,,,,,,,
,,,,,,,,,,,64139e0346c4b91651b69d44,924E706A-0A81-4D3F-8DB4-80FD0F2BBFB9,0,2023-08-15_15h19.59.230,Pilot_VExplicitOC_RG,2022.2.5,Win32,58.40439201,,,,,,,,,,,,,,,,,,,,,,,,,,,,,,,,,,,,,,,,,,,,,,,,,,,,,,,,,,,,,,,,,,,,,,,,,,,,,,,,,,,,,,random,FALSE,FALSE,FALSE,0.5,0,0,-4.590288686,-0.2,-4.790288686,-3.260192457,certain,certain,-3.260192457,4.02667458,left,,,,,,0,20,20,3,1,-0.2,2.3481,,,,,,,
,,,,,,,,,,,64139e0346c4b91651b69d44,924E706A-0A81-4D3F-8DB4-80FD0F2BBFB9,0,2023-08-15_15h19.59.230,Pilot_VExplicitOC_RG,2022.2.5,Win32,58.40439201,,,,,,,,,,,,,,,happy,"unhappy, happy","less happy, more happy",,,-52.60416667,4.0244,2.0134,,,,,,,,,,,,,,,,,,,,,,,,,,,,,,,,,,,,,,,,,,,,,,,,,,,,,,,,,,,,,,,,random,FALSE,FALSE,FALSE,0.5,0,0,-3.743414467,-2.9,-6.643414467,-5.395609645,certain,certain,-5.395609645,-1.368935065,left,0,0,0,0,1,,,,,,,1.7305,,,,,,,
,,,,,,,,,,,64139e0346c4b91651b69d44,924E706A-0A81-4D3F-8DB4-80FD0F2BBFB9,0,2023-08-15_15h19.59.230,Pilot_VExplicitOC_RG,2022.2.5,Win32,58.40439201,,,,,,,,,,,,,,,frustrated,"frustrated, not frustrated","more frustrated, less frustrated",,,-60.67708333,3.1837,2.0155,,,,,,,,,,,,,,,,,,,,,,,,,,,,,,,,,,,,,,,,,,,,,,,,,,,,,,,,,,,,,,,,,,,,,,,,,,,,,,,,0,1,1,1,1,,,,,,,,,,,,,,
,,,,,,,,,,,64139e0346c4b91651b69d44,924E706A-0A81-4D3F-8DB4-80FD0F2BBFB9,0,2023-08-15_15h19.59.230,Pilot_VExplicitOC_RG,2022.2.5,Win32,58.40439201,,,,,,,,,,,,,,,bored,"bored, not bored","more bored, less bored",,,-51.5625,3.9403,2.0159,,,,,,,,,,,,,,,,,,,,,,,,,,,,,,,,,,,,,,,,,,,,,,,,,,,,,,,,,,,,,,,,,,,,,,,,,,,,,,,,0,2,2,2,1,,,,,,,,,,,,,,
,,,,,,,,,,,64139e0346c4b91651b69d44,924E706A-0A81-4D3F-8DB4-80FD0F2BBFB9,0,2023-08-15_15h19.59.230,Pilot_VExplicitOC_RG,2022.2.5,Win32,58.40439201,,,,,,,,,,,,,,,,,,,,,,,,,,,,,,,,,,,,,,,,,,,,,,,,,,,,,,,,,,,,,,,,,,,,,,,,,,,,,,,,,,,,,,,,,,,,,,,,,,,,,,,,,,,0,21,21,26,1,-2.9,,,,,,,,
,,,,,,,,,,,64139e0346c4b91651b69d44,924E706A-0A81-4D3F-8DB4-80FD0F2BBFB9,0,2023-08-15_15h19.59.230,Pilot_VExplicitOC_RG,2022.2.5,Win32,58.40439201,,,,,,,,,,,,,,,,,,,,,,,,,,,,,,,,,,,,,,,,,,,,,,,,,,,,,,,,,,,,,,,,,,,,,,,,,,,,,,,,,,,,,,random,FALSE,FALSE,TRUE,0.5,0,0,2.076020519,-1.323979481,-3.4,-2.70799316,certain,certain,-2.70799316,-4.076928225,left,,,,,,0,22,22,27,1,-3.4,1.7778,,,,,,,
,,,,,,,,,,,64139e0346c4b91651b69d44,924E706A-0A81-4D3F-8DB4-80FD0F2BBFB9,0,2023-08-15_15h19.59.230,Pilot_VExplicitOC_RG,2022.2.5,Win32,58.40439201,,,,,,,,,,,,,,,bored,"bored, not bored","more bored, less bored",,,-57.03125,3.4488,2.0129,,,,,,,,,,,,,,,,,,,,,,,,,,,,,,,,,,,,,,,,,,,,,,,,,,,,,,,,,,,,,,,,random,FALSE,FALSE,FALSE,0.5,0,0,0.772457077,0.472457077,-0.3,-0.042514308,certain,certain,-0.042514308,-4.119442533,left,0,0,0,2,1,,,,,,,1.6096,,,,,,,
,,,,,,,,,,,64139e0346c4b91651b69d44,924E706A-0A81-4D3F-8DB4-80FD0F2BBFB9,0,2023-08-15_15h19.59.230,Pilot_VExplicitOC_RG,2022.2.5,Win32,58.40439201,,,,,,,,,,,,,,,happy,"unhappy, happy","less happy, more happy",,,-57.03125,5.1958,2.0157,,,,,,,,,,,,,,,,,,,,,,,,,,,,,,,,,,,,,,,,,,,,,,,,,,,,,,,,,,,,,,,,,,,,,,,,,,,,,,,,0,1,1,0,1,,,,,,,,,,,,,,
,,,,,,,,,,,64139e0346c4b91651b69d44,924E706A-0A81-4D3F-8DB4-80FD0F2BBFB9,0,2023-08-15_15h19.59.230,Pilot_VExplicitOC_RG,2022.2.5,Win32,58.40439201,,,,,,,,,,,,,,,frustrated,"frustrated, not frustrated","more frustrated, less frustrated",,,-52.34375,4.7748,2.0163,,,,,,,,,,,,,,,,,,,,,,,,,,,,,,,,,,,,,,,,,,,,,,,,,,,,,,,,,,,,,,,,,,,,,,,,,,,,,,,,0,2,2,1,1,,,,,,,,,,,,,,
,,,,,,,,,,,64139e0346c4b91651b69d44,924E706A-0A81-4D3F-8DB4-80FD0F2BBFB9,0,2023-08-15_15h19.59.230,Pilot_VExplicitOC_RG,2022.2.5,Win32,58.40439201,,,,,,,,,,,,,,,,,,,,,,,,,,,,,,,,,,,,,,,,,,,,,,,,,,,,,,,,,,,,,,,,,,,,,,,,,,,,,,,,,,,,,,,,,,,,,,,,,,,,,,,,,,,0,23,23,22,1,-0.3,,,,,,,,
,,,,,,,,,,,64139e0346c4b91651b69d44,924E706A-0A81-4D3F-8DB4-80FD0F2BBFB9,0,2023-08-15_15h19.59.230,Pilot_VExplicitOC_RG,2022.2.5,Win32,58.40439201,,,,,,,,,,,,,,,,,,,,,,,,,,,,,,,,,,,,,,,,,,,,,,,,,,,,,,,,,,,,,,,,,,,,,,,,,,,,,,,,,,,,,,random,FALSE,FALSE,FALSE,0.5,0,0,-1.021297915,2.4,1.378702085,1.719134724,gamble,lose,1.378702085,-2.740740448,right,,,,,,0,24,24,18,1,2.4,2.7902,,,,,,,
,,,,,,,,,,,64139e0346c4b91651b69d44,924E706A-0A81-4D3F-8DB4-80FD0F2BBFB9,0,2023-08-15_15h19.59.230,Pilot_VExplicitOC_RG,2022.2.5,Win32,58.40439201,,,,,,,,,,,,,,,,,,,,,,,,,,,,,,,,,,,,,,,,,,,,,,,,,,,,,,,,,,,,,,,,,,,,,,,,,,,,,,,,,,,,,,random,FALSE,FALSE,TRUE,0.5,0,0,-0.344626188,2.9,2.555373812,2.670249208,gamble,lose,2.555373812,-0.185366636,right,,,,,,0,25,25,24,1,2.9,1.4511,,,,,,,
,,,,,,,,,,,64139e0346c4b91651b69d44,924E706A-0A81-4D3F-8DB4-80FD0F2BBFB9,0,2023-08-15_15h19.59.230,Pilot_VExplicitOC_RG,2022.2.5,Win32,58.40439201,,,,,,,,,,,,,,,bored,"bored, not bored","more bored, less bored",,,-53.64583333,4.2344,2.0134,,,,,,,,,,,,,,,,,,,,,,,,,,,,,,,,,,,,,,,,,,,,,,,,,,,,,,,,,,,,,,,,random,FALSE,FALSE,FALSE,0.5,0,0,-0.644214181,2.7,2.055785819,2.27052388,gamble,lose,2.055785819,1.870419184,right,0,0,0,2,1,,,,,,,1.4169,,,,,,,
,,,,,,,,,,,64139e0346c4b91651b69d44,924E706A-0A81-4D3F-8DB4-80FD0F2BBFB9,0,2023-08-15_15h19.59.230,Pilot_VExplicitOC_RG,2022.2.5,Win32,58.40439201,,,,,,,,,,,,,,,frustrated,"frustrated, not frustrated","more frustrated, less frustrated",,,-54.42708333,5.2379,2.0161,,,,,,,,,,,,,,,,,,,,,,,,,,,,,,,,,,,,,,,,,,,,,,,,,,,,,,,,,,,,,,,,,,,,,,,,,,,,,,,,0,1,1,1,1,,,,,,,,,,,,,,
,,,,,,,,,,,64139e0346c4b91651b69d44,924E706A-0A81-4D3F-8DB4-80FD0F2BBFB9,0,2023-08-15_15h19.59.230,Pilot_VExplicitOC_RG,2022.2.5,Win32,58.40439201,,,,,,,,,,,,,,,happy,"unhappy, happy","less happy, more happy",,,-41.14583333,4.9929,2.0156,,,,,,,,,,,,,,,,,,,,,,,,,,,,,,,,,,,,,,,,,,,,,,,,,,,,,,,,,,,,,,,,,,,,,,,,,,,,,,,,0,2,2,0,1,,,,,,,,,,,,,,
,,,,,,,,,,,64139e0346c4b91651b69d44,924E706A-0A81-4D3F-8DB4-80FD0F2BBFB9,0,2023-08-15_15h19.59.230,Pilot_VExplicitOC_RG,2022.2.5,Win32,58.40439201,,,,,,,,,,,,,,,,,,,,,,,,,,,,,,,,,,,,,,,,,,,,,,,,,,,,,,,,,,,,,,,,,,,,,,,,,,,,,,,,,,,,,,,,,,,,,,,,,,,,,,,,,,,0,26,26,28,1,2.7,,,,,,,,
,,,,,,,,,,,64139e0346c4b91651b69d44,924E706A-0A81-4D3F-8DB4-80FD0F2BBFB9,0,2023-08-15_15h19.59.230,Pilot_VExplicitOC_RG,2022.2.5,Win32,58.40439201,,,,,,,,,,,,,,,,,,,,,,,,,,,,,,,,,,,,,,,,,,,,,,,,,,,,,,,,,,,,,,,,,,,,,,,,,,,,,,,,,,,,,,random,FALSE,FALSE,TRUE,0.5,0,0,4.72114304,5.32114304,0.6,2.173714347,gamble,win,5.32114304,7.191562223,,,,,,,0,27,27,1,1,0.6,,,,,,,,
,,,,,,,,,,,64139e0346c4b91651b69d44,924E706A-0A81-4D3F-8DB4-80FD0F2BBFB9,0,2023-08-15_15h19.59.230,Pilot_VExplicitOC_RG,2022.2.5,Win32,58.40439201,,,,,,,,,,,,,,,frustrated,"frustrated, not frustrated","more frustrated, less frustrated",,,,,2.0127,,,,,,,,,,,,,,,,,,,,,,,,,,,,,,,,,,,,,,,,,,,,,,,,,,,,,,,,,,,,,,,,random,FALSE,FALSE,FALSE,0.5,0,0,-1.093961001,0.4,-0.693961001,-0.329307334,certain,certain,-0.329307334,6.862254889,left,0,0,0,1,1,,,,,,,1.6519,,,,,,,
,,,,,,,,,,,64139e0346c4b91651b69d44,924E706A-0A81-4D3F-8DB4-80FD0F2BBFB9,0,2023-08-15_15h19.59.230,Pilot_VExplicitOC_RG,2022.2.5,Win32,58.40439201,,,,,,,,,,,,,,,happy,"unhappy, happy","less happy, more happy",,,-62.23958333,4.7163,2.0065,,,,,,,,,,,,,,,,,,,,,,,,,,,,,,,,,,,,,,,,,,,,,,,,,,,,,,,,,,,,,,,,,,,,,,,,,,,,,,,,0,1,1,0,1,,,,,,,,,,,,,,
,,,,,,,,,,,64139e0346c4b91651b69d44,924E706A-0A81-4D3F-8DB4-80FD0F2BBFB9,0,2023-08-15_15h19.59.230,Pilot_VExplicitOC_RG,2022.2.5,Win32,58.40439201,,,,,,,,,,,,,,,bored,"bored, not bored","more bored, less bored",,,-50.26041667,4.1125,2.0159,,,,,,,,,,,,,,,,,,,,,,,,,,,,,,,,,,,,,,,,,,,,,,,,,,,,,,,,,,,,,,,,,,,,,,,,,,,,,,,,0,2,2,2,1,,,,,,,,,,,,,,
,,,,,,,,,,,64139e0346c4b91651b69d44,924E706A-0A81-4D3F-8DB4-80FD0F2BBFB9,0,2023-08-15_15h19.59.230,Pilot_VExplicitOC_RG,2022.2.5,Win32,58.40439201,,,,,,,,,,,,,,,,,,,,,,,,,,,,,,,,,,,,,,,,,,,,,,,,,,,,,,,,,,,,,,,,,,,,,,,,,,,,,,,,,,,,,,,,,,,,,,,,,,,,,,,,,,,0,28,28,29,1,0.4,,,,,,,,
,,,,,,,,,,,64139e0346c4b91651b69d44,924E706A-0A81-4D3F-8DB4-80FD0F2BBFB9,0,2023-08-15_15h19.59.230,Pilot_VExplicitOC_RG,2022.2.5,Win32,58.40439201,,,,,,,,,,,,,,,,,,,,,,,,,,,,,,,,,,,,,,,,,,,,,,,,,,,,,,,,,,,,,,,,,,,,,,,,,,,,,,,,,,,,,,random,FALSE,FALSE,TRUE,0.5,0,0,3.506805885,-0.493194115,-4,-2.831064705,gamble,win,-0.493194115,6.369060774,right,,,,,,0,29,29,6,1,-4,1.8981,,,,,,,
,,,,,,,,,,,64139e0346c4b91651b69d44,924E706A-0A81-4D3F-8DB4-80FD0F2BBFB9,0,2023-08-15_15h19.59.230,Pilot_VExplicitOC_RG,2022.2.5,Win32,58.40439201,,,,,,,,,,,,,,,frustrated,"frustrated, not frustrated","more frustrated, less frustrated",,,-61.45833333,5.9065,2.0131,,,,,,,,,,,,,,,,,,,,,,,,,,,,,,,,,,,,,,,,,,,,,,,,,,,,,,,,,,,,,,,,random,FALSE,FALSE,TRUE,0.5,0,0,-1.006999693,1.2,0.193000307,0.528666872,gamble,lose,0.193000307,6.562061082,right,0,0,0,1,1,,,,,,,2.8089,,,,,,,
,,,,,,,,,,,64139e0346c4b91651b69d44,924E706A-0A81-4D3F-8DB4-80FD0F2BBFB9,0,2023-08-15_15h19.59.230,Pilot_VExplicitOC_RG,2022.2.5,Win32,58.40439201,,,,,,,,,,,,,,,bored,"bored, not bored","more bored, less bored",,,-22.91666667,4.2803,2.0156,,,,,,,,,,,,,,,,,,,,,,,,,,,,,,,,,,,,,,,,,,,,,,,,,,,,,,,,,,,,,,,,,,,,,,,,,,,,,,,,0,1,1,2,1,,,,,,,,,,,,,,
,,,,,,,,,,,64139e0346c4b91651b69d44,924E706A-0A81-4D3F-8DB4-80FD0F2BBFB9,0,2023-08-15_15h19.59.230,Pilot_VExplicitOC_RG,2022.2.5,Win32,58.40439201,,,,,,,,,,,,,,,happy,"unhappy, happy","less happy, more happy",,,-52.08333333,3.3472,2.0158,,,,,,,,,,,,,,,,,,,,,,,,,,,,,,,,,,,,,,,,,,,,,,,,,,,,,,,,,,,,,,,,,,,,,,,,,,,,,,,,0,2,2,0,1,,,,,,,,,,,,,,
,,,,,,,,,,,64139e0346c4b91651b69d44,924E706A-0A81-4D3F-8DB4-80FD0F2BBFB9,0,2023-08-15_15h19.59.230,Pilot_VExplicitOC_RG,2022.2.5,Win32,58.40439201,,,,,,,,,,,,,,,,,,,,,,,,,,,,,,,,,,,,,,,,,,,,,,,,,,,,,,,,,,,,,,,,,,,,,,,,,,,,,,,,,,,,,,,,,,,,,,,,,,,,,,,,,,,0,30,30,8,1,1.2,,,,,,,,
,,,,,,,,,,,64139e0346c4b91651b69d44,924E706A-0A81-4D3F-8DB4-80FD0F2BBFB9,0,2023-08-15_15h19.59.230,Pilot_VExplicitOC_RG,2022.2.5,Win32,58.40439201,,,,,,,,,,,,,,,,,,,,,,,,,,,,,,,,,,,,,,,,,,,,,,,,,,,,,,,,,,,,,,,,,,,,,,,,,,,,,,,,,,,,,,random,FALSE,FALSE,FALSE,0.5,0,0,0.423662598,-1.576337402,-2,-1.858779134,gamble,win,-1.576337402,4.985723679,,,,,,,0,31,31,21,1,-2,,,,,,,,
,,,,,,,,,,,64139e0346c4b91651b69d44,924E706A-0A81-4D3F-8DB4-80FD0F2BBFB9,0,2023-08-15_15h19.59.230,Pilot_VExplicitOC_RG,2022.2.5,Win32,58.40439201,,,,,,,,,,,,,,,,,,,,,,,,,,,,,,,,,,,,,,,,,,,,,,,,,,,,,,,,,,,,,,,,,,,,,,,,,,,,,,,,,,,,,,,,,,,,,,,,,,,,,,,,,,,,,,,,,,4.985723679,2,0,0,0,0,1
